PRAGMA foreign_keys
= on;

-- Table: user

INSERT INTO user
    (userID, username, pass, birthDate, profilePicture, email, age)
VALUES
    (NULL, 'gabrielrocco', 'senha123', '1998-04-02', 'C:/...', 'gabrielr@fe.up.pt', NULL);
INSERT INTO user
    (userID, username, pass, birthDate, profilePicture, email, age)
VALUES
    (NULL, 'murielpinho', 'senha123', '1996-07-22', 'C:/...', 'muriel@fe.up.pt', NULL);
INSERT INTO user
    (userID, username, pass, birthDate, profilePicture, email, age)
VALUES
    (NULL, 'angela99', 'senha123', '1999-05-07', 'C:/...', 'angela_s@fe.up.pt', NULL);
INSERT INTO user
    (userID, username, pass, birthDate, profilePicture, email, age)
VALUES
    (NULL, 'ines_silva331', 'senha123', '1998-03-91', 'C:/...', 'ines_silva2018@fe.up.pt', NULL);
INSERT INTO user
    (userID, username, pass, birthDate, profilePicture, email, age)
VALUES
    (NULL, 'carloskk', 'senha123', '1995-09-10', 'C:/...', 'car_s_p@fe.up.pt', NULL);
INSERT INTO user
    (userID, username, pass, birthDate, profilePicture, email, age)
VALUES
    (NULL, 'bernardo7845', 'senha123', '1999-12-25', 'C:/...', 'b_salles99@fe.up.pt', NULL);
INSERT INTO user
    (userID, username, pass, birthDate, profilePicture, email, age)
VALUES
    (NULL, 'carlos_am', 'senha123', '1980-01-02', 'C:/...', 'carlosamarantes99@fe.up.pt', NULL);
INSERT INTO user
    (userID, username, pass, birthDate, profilePicture, email, age)
VALUES
    (NULL, 'jv.s.santos', 'senha123', '2005-12-01', 'C:/...', 'jvsantos@fe.up.pt', NULL);
INSERT INTO user
    (userID, username, pass, birthDate, profilePicture, email, age)
VALUES
    (NULL, 'maria8989', 'senha123', '2010-03-30', 'C:/...', 'maria8989@fe.up.pt', NULL);
INSERT INTO user
    (userID, username, pass, birthDate, profilePicture, email, age)
VALUES
    (NULL, 'paulo.rafael.a99', 'senha123', '1970-06-17', 'C:/...', 'paulo.rafael@fe.up.pt', NULL);

insert into user
    (userID, username, pass, birthDate, profilePicture, email, age)
values
    (null, 'sbatram0', 'jhLGEOQ', '1993-10-30', 'C:/...', 'ycharles0@cpanel.net', NULL);
insert into user
    (userID, username, pass, birthDate, profilePicture, email, age)
values
    (null, 'seminson1', 'F7INmpiM', '2009-02-05', 'C:/...', 'vbockh1@addtoany.com', NULL);
insert into user
    (userID, username, pass, birthDate, profilePicture, email, age)
values
    (null, 'ewickes2', 'TCR3kKgyftO', '2005-09-10', 'C:/...', 'hpetrushkevich2@ow.ly', NULL);
insert into user
    (userID, username, pass, birthDate, profilePicture, email, age)
values
    (null, 'ihyndley3', 'skNNidUK9S', '2008-10-07', 'C:/...', 'jguenther3@netvibes.com', NULL);
insert into user
    (userID, username, pass, birthDate, profilePicture, email, age)
values
    (null, 'cdacre4', 'nUA7TWj', '2009-01-22', 'C:/...', 'esignore4@geocities.com', NULL);
insert into user
    (userID, username, pass, birthDate, profilePicture, email, age)
values
    (null, 'kcanaan5', 'U6S5lvVuh', '2000-01-21', 'C:/...', 'abarracks5@go.com', NULL);
insert into user
    (userID, username, pass, birthDate, profilePicture, email, age)
values
    (null, 'jgilbane6', 'KC9nVWhRMOH0', '2007-11-15', 'C:/...', 'ltiffany6@sourceforge.net', NULL);
insert into user
    (userID, username, pass, birthDate, profilePicture, email, age)
values
    (null, 'jhearsum7', 'iUWNlZG', '2004-07-03', 'C:/...', 'rgun7@ameblo.jp', NULL);
insert into user
    (userID, username, pass, birthDate, profilePicture, email, age)
values
    (null, 'fpopeley8', 'K0XpboY', '1995-11-15', 'C:/...', 'fjuden8@irs.gov', NULL);
insert into user
    (userID, username, pass, birthDate, profilePicture, email, age)
values
    (null, 'rcortin9', 'ULXGXWmzK9R8', '2000-12-10', 'C:/...', 'gpieracci9@unc.edu', NULL);
insert into user
    (userID, username, pass, birthDate, profilePicture, email, age)
values
    (null, 'jmaccoughena', 'af4eE0TXhaZ4', '1998-01-07', 'C:/...', 'skmicickia@domainmarket.com', NULL);
insert into user
    (userID, username, pass, birthDate, profilePicture, email, age)
values
    (null, 'dfidlerb', '3RqGhXU2Baf', '1995-09-25', 'C:/...', 'kshutleb@webs.com', NULL);
insert into user
    (userID, username, pass, birthDate, profilePicture, email, age)
values
    (null, 'dpesslerc', '0ezsOkUcD7', '2002-03-19', 'C:/...', 'astobbartc@nymag.com', NULL);
insert into user
    (userID, username, pass, birthDate, profilePicture, email, age)
values
    (null, 'nbanaszczykd', 'FnVH19wAk', '1997-11-01', 'C:/...', 'cglisaned@nih.gov', NULL);
insert into user
    (userID, username, pass, birthDate, profilePicture, email, age)
values
    (null, 'lmcinerneye', 'kMPxtAJsUYP', '1994-05-20', 'C:/...', 'unorthridgee@eventbrite.com', NULL);
insert into user
    (userID, username, pass, birthDate, profilePicture, email, age)
values
    (null, 'mscoldingf', 'iZwHDZ', '1995-08-15', 'C:/...', 'smcdowellf@nasa.gov', NULL);
insert into user
    (userID, username, pass, birthDate, profilePicture, email, age)
values
    (null, 'mridewoodg', 'ba9NjyrMM', '1992-03-27', 'C:/...', 'rwarbrickg@yahoo.com', NULL);
insert into user
    (userID, username, pass, birthDate, profilePicture, email, age)
values
    (null, 'apimerh', '9zCuZJGalV', '2005-09-04', 'C:/...', 'klinggoodh@studiopress.com', NULL);
insert into user
    (userID, username, pass, birthDate, profilePicture, email, age)
values
    (null, 'aettyi', 'HvC2pK3YG', '2000-04-24', 'C:/...', 'fmardlingi@diigo.com', NULL);
insert into user
    (userID, username, pass, birthDate, profilePicture, email, age)
values
    (null, 'npittendreighj', 'gvBzDyWpsgmK', '1992-11-03', 'C:/...', 'pcollisterj@apache.org', NULL);
insert into user
    (userID, username, pass, birthDate, profilePicture, email, age)
values
    (null, 'amoggk', 'vFx2Dz7djl6l', '1997-04-27', 'C:/...', 'bnonik@reuters.com', NULL);
insert into user
    (userID, username, pass, birthDate, profilePicture, email, age)
values
    (null, 'malekhovl', 'YrzYKJ', '1995-02-12', 'C:/...', 'rlacottel@myspace.com', NULL);
insert into user
    (userID, username, pass, birthDate, profilePicture, email, age)
values
    (null, 'apennonem', '4BWWXweSX', '1991-05-27', 'C:/...', 'pwhiteheadm@globo.com', NULL);
insert into user
    (userID, username, pass, birthDate, profilePicture, email, age)
values
    (null, 'mjobken', 'aDvIbX', '2000-03-03', 'C:/...', 'dsametn@icio.us', NULL);
insert into user
    (userID, username, pass, birthDate, profilePicture, email, age)
values
    (null, 'creynaulto', '43iiu9', '2004-02-29', 'C:/...', 'venrdigoo@mayoclinic.com', NULL);
insert into user
    (userID, username, pass, birthDate, profilePicture, email, age)
values
    (null, 'aeagarp', 'Wlmw7NeM4K', '1995-02-15', 'C:/...', 'plawleep@etsy.com', NULL);
insert into user
    (userID, username, pass, birthDate, profilePicture, email, age)
values
    (null, 'alemarieq', 'ASqaXI1vMy', '1995-09-01', 'C:/...', 'tvealeq@ibm.com', NULL);
insert into user
    (userID, username, pass, birthDate, profilePicture, email, age)
values
    (null, 'ebedler', 'YYAg0vytqAX2', '1999-09-21', 'C:/...', 'dlinningr@cafepress.com', NULL);
insert into user
    (userID, username, pass, birthDate, profilePicture, email, age)
values
    (null, 'nfullicks', '6EsN1UKI2', '2007-01-01', 'C:/...', 'ntroaks@cmu.edu', NULL);
insert into user
    (userID, username, pass, birthDate, profilePicture, email, age)
values
    (null, 'calanst', 'L1viOJ5', '2001-07-19', 'C:/...', 'ekraftt@ovh.net', NULL);
insert into user
    (userID, username, pass, birthDate, profilePicture, email, age)
values
    (null, 'rbeautymanu', 'LXkO40yHvO', '2005-10-23', 'C:/...', 'hschuleu@goodreads.com', NULL);
insert into user
    (userID, username, pass, birthDate, profilePicture, email, age)
values
    (null, 'hjellmanv', 'z6YWmR', '1998-01-25', 'C:/...', 'ipoddv@timesonline.co.uk', NULL);
insert into user
    (userID, username, pass, birthDate, profilePicture, email, age)
values
    (null, 'peastupw', 'dUvlRmPUT5t', '2000-10-25', 'C:/...', 'rkayw@tiny.cc', NULL);
insert into user
    (userID, username, pass, birthDate, profilePicture, email, age)
values
    (null, 'jdodellx', 'CSHt3aG36', '2000-09-18', 'C:/...', 'mdelchecolox@google.co.jp', NULL);
insert into user
    (userID, username, pass, birthDate, profilePicture, email, age)
values
    (null, 'tnajaray', '87W3GyKmJP', '1995-05-12', 'C:/...', 'kblavery@mail.ru', NULL);
insert into user
    (userID, username, pass, birthDate, profilePicture, email, age)
values
    (null, 'ranniwellz', '6TBYolKobc1u', '1998-05-27', 'C:/...', 'tbousteadz@hao123.com', NULL);
insert into user
    (userID, username, pass, birthDate, profilePicture, email, age)
values
    (null, 'gtotman10', '7yqQSR2Aa8vz', '2008-06-22', 'C:/...', 'jbraundt10@state.tx.us', NULL);
insert into user
    (userID, username, pass, birthDate, profilePicture, email, age)
values
    (null, 'iledgley11', 'E7d2n2tBz', '2001-03-09', 'C:/...', 'mweems11@netvibes.com', NULL);
insert into user
    (userID, username, pass, birthDate, profilePicture, email, age)
values
    (null, 'giverson12', 'RjQlqkm', '1990-09-09', 'C:/...', 'reakins12@g.co', NULL);
insert into user
    (userID, username, pass, birthDate, profilePicture, email, age)
values
    (null, 'dsouthan13', 'ivawPPIpwSk', '2005-09-15', 'C:/...', 'abakey13@hibu.com', NULL);
insert into user
    (userID, username, pass, birthDate, profilePicture, email, age)
values
    (null, 'kbauchop14', 'JHZNjNae', '2004-06-09', 'C:/...', 'mleffek14@studiopress.com', NULL);
insert into user
    (userID, username, pass, birthDate, profilePicture, email, age)
values
    (null, 'mdurrance15', 'zyjH7o', '1994-08-14', 'C:/...', 'mstrathman15@nih.gov', NULL);
insert into user
    (userID, username, pass, birthDate, profilePicture, email, age)
values
    (null, 'rcallan16', '2tbm5Qh6Gv', '1999-11-28', 'C:/...', 'bgludor16@cnbc.com', NULL);
insert into user
    (userID, username, pass, birthDate, profilePicture, email, age)
values
    (null, 'mcasely17', 'WfqXBWAR', '2007-02-20', 'C:/...', 'mwrennall17@phoca.cz', NULL);
insert into user
    (userID, username, pass, birthDate, profilePicture, email, age)
values
    (null, 'gsainer18', 'maNCNrHX', '1994-10-08', 'C:/...', 'maylward18@admin.ch', NULL);
insert into user
    (userID, username, pass, birthDate, profilePicture, email, age)
values
    (null, 'bdorling19', '381BzGp', '1991-12-09', 'C:/...', 'dbeacroft19@hostgator.com', NULL);
insert into user
    (userID, username, pass, birthDate, profilePicture, email, age)
values
    (null, 'tsirette1a', 'qIziHelo9gF', '1991-08-27', 'C:/...', 'cmartygin1a@cpanel.net', NULL);
insert into user
    (userID, username, pass, birthDate, profilePicture, email, age)
values
    (null, 'hburston1b', 'xiXM7si4hEd', '1996-07-14', 'C:/...', 'ebodycomb1b@ft.com', NULL);
insert into user
    (userID, username, pass, birthDate, profilePicture, email, age)
values
    (null, 'skislingbury1c', '3TE7Vaz9', '1996-09-08', 'C:/...', 'rrame1c@dailymail.co.uk', NULL);
insert into user
    (userID, username, pass, birthDate, profilePicture, email, age)
values
    (null, 'bcleft1d', 'zdmWz0', '2001-07-05', 'C:/...', 'kcosin1d@aol.com', NULL);

-- Table: channel

INSERT into channel
    (channelID, userID, name, biography, followerCount)
VALUES
    (1, 2, 'Channel A', NULL, 1125);
INSERT into channel
    (channelID, userID, name, biography, followerCount)
VALUES
    (2, 1, 'Channel B', NULL, 451);
INSERT into channel
    (channelID, userID, name, biography, followerCount)
VALUES
    (3, 4, 'Channel C', NULL, 831);
INSERT into channel
    (channelID, userID, name, biography, followerCount)
VALUES
    (4, 5, 'Channel D', NULL, 4456);
INSERT into channel
    (channelID, userID, name, biography, followerCount)
VALUES
    (5, 10, 'Channel E', NULL, 1154);
INSERT into channel
    (channelID, userID, name, biography, followerCount)
VALUES
    (6, 8, 'Channel F', NULL, 932);
INSERT into channel
    (channelID, userID, name, biography, followerCount)
VALUES
    (7, 6, 'Channel G', NULL, 131);
INSERT into channel
    (channelID, userID, name, biography, followerCount)
VALUES
    (8, 3, 'Channel H', NULL, 871);
INSERT into channel
    (channelID, userID, name, biography, followerCount)
VALUES
    (9, 7, 'Channel I', NULL, 532);
INSERT into channel
    (channelID, userID, name, biography, followerCount)
VALUES
    (10, 9, 'Channel J', NULL, 5463);

-- Table: follows

insert into follows
    (id, userID, channelID)
values
    (null, 51, 10);
insert into follows
    (id, userID, channelID)
values
    (null, 44, 2);
insert into follows
    (id, userID, channelID)
values
    (null, 32, 8);
insert into follows
    (id, userID, channelID)
values
    (null, 10, 10);
insert into follows
    (id, userID, channelID)
values
    (null, 53, 4);
insert into follows
    (id, userID, channelID)
values
    (null, 3, 10);
insert into follows
    (id, userID, channelID)
values
    (null, 26, 9);
insert into follows
    (id, userID, channelID)
values
    (null, 9, 8);
insert into follows
    (id, userID, channelID)
values
    (null, 51, 10);
insert into follows
    (id, userID, channelID)
values
    (null, 27, 10);
insert into follows
    (id, userID, channelID)
values
    (null, 50, 8);
insert into follows
    (id, userID, channelID)
values
    (null, 24, 6);
insert into follows
    (id, userID, channelID)
values
    (null, 47, 9);
insert into follows
    (id, userID, channelID)
values
    (null, 26, 8);
insert into follows
    (id, userID, channelID)
values
    (null, 40, 10);
insert into follows
    (id, userID, channelID)
values
    (null, 32, 1);
insert into follows
    (id, userID, channelID)
values
    (null, 3, 1);
insert into follows
    (id, userID, channelID)
values
    (null, 12, 4);
insert into follows
    (id, userID, channelID)
values
    (null, 29, 9);
insert into follows
    (id, userID, channelID)
values
    (null, 41, 8);
insert into follows
    (id, userID, channelID)
values
    (null, 56, 8);
insert into follows
    (id, userID, channelID)
values
    (null, 32, 7);
insert into follows
    (id, userID, channelID)
values
    (null, 11, 2);
insert into follows
    (id, userID, channelID)
values
    (null, 53, 5);
insert into follows
    (id, userID, channelID)
values
    (null, 31, 4);
insert into follows
    (id, userID, channelID)
values
    (null, 44, 2);
insert into follows
    (id, userID, channelID)
values
    (null, 52, 10);
insert into follows
    (id, userID, channelID)
values
    (null, 45, 10);
insert into follows
    (id, userID, channelID)
values
    (null, 16, 4);
insert into follows
    (id, userID, channelID)
values
    (null, 45, 7);
insert into follows
    (id, userID, channelID)
values
    (null, 29, 10);
insert into follows
    (id, userID, channelID)
values
    (null, 56, 10);
insert into follows
    (id, userID, channelID)
values
    (null, 51, 8);
insert into follows
    (id, userID, channelID)
values
    (null, 52, 4);
insert into follows
    (id, userID, channelID)
values
    (null, 44, 8);
insert into follows
    (id, userID, channelID)
values
    (null, 34, 9);
insert into follows
    (id, userID, channelID)
values
    (null, 56, 5);
insert into follows
    (id, userID, channelID)
values
    (null, 12, 7);
insert into follows
    (id, userID, channelID)
values
    (null, 51, 4);
insert into follows
    (id, userID, channelID)
values
    (null, 10, 6);
insert into follows
    (id, userID, channelID)
values
    (null, 40, 10);
insert into follows
    (id, userID, channelID)
values
    (null, 54, 10);
insert into follows
    (id, userID, channelID)
values
    (null, 53, 6);
insert into follows
    (id, userID, channelID)
values
    (null, 51, 7);
insert into follows
    (id, userID, channelID)
values
    (null, 1, 3);
insert into follows
    (id, userID, channelID)
values
    (null, 8, 3);
insert into follows
    (id, userID, channelID)
values
    (null, 29, 8);
insert into follows
    (id, userID, channelID)
values
    (null, 26, 4);
insert into follows
    (id, userID, channelID)
values
    (null, 11, 9);
insert into follows
    (id, userID, channelID)
values
    (null, 28, 3);
insert into follows
    (id, userID, channelID)
values
    (null, 12, 1);
insert into follows
    (id, userID, channelID)
values
    (null, 9, 3);
insert into follows
    (id, userID, channelID)
values
    (null, 55, 1);
insert into follows
    (id, userID, channelID)
values
    (null, 29, 7);
insert into follows
    (id, userID, channelID)
values
    (null, 47, 5);
insert into follows
    (id, userID, channelID)
values
    (null, 28, 7);
insert into follows
    (id, userID, channelID)
values
    (null, 21, 8);
insert into follows
    (id, userID, channelID)
values
    (null, 55, 8);
insert into follows
    (id, userID, channelID)
values
    (null, 31, 6);
insert into follows
    (id, userID, channelID)
values
    (null, 5, 1);
insert into follows
    (id, userID, channelID)
values
    (null, 58, 6);
insert into follows
    (id, userID, channelID)
values
    (null, 2, 10);
insert into follows
    (id, userID, channelID)
values
    (null, 4, 7);
insert into follows
    (id, userID, channelID)
values
    (null, 12, 5);
insert into follows
    (id, userID, channelID)
values
    (null, 8, 9);
insert into follows
    (id, userID, channelID)
values
    (null, 39, 7);
insert into follows
    (id, userID, channelID)
values
    (null, 37, 5);
insert into follows
    (id, userID, channelID)
values
    (null, 24, 5);
insert into follows
    (id, userID, channelID)
values
    (null, 7, 3);
insert into follows
    (id, userID, channelID)
values
    (null, 48, 6);
insert into follows
    (id, userID, channelID)
values
    (null, 12, 9);
insert into follows
    (id, userID, channelID)
values
    (null, 51, 8);
insert into follows
    (id, userID, channelID)
values
    (null, 39, 10);
insert into follows
    (id, userID, channelID)
values
    (null, 28, 9);
insert into follows
    (id, userID, channelID)
values
    (null, 41, 6);
insert into follows
    (id, userID, channelID)
values
    (null, 55, 8);
insert into follows
    (id, userID, channelID)
values
    (null, 10, 9);
insert into follows
    (id, userID, channelID)
values
    (null, 18, 9);
insert into follows
    (id, userID, channelID)
values
    (null, 52, 6);
insert into follows
    (id, userID, channelID)
values
    (null, 56, 10);
insert into follows
    (id, userID, channelID)
values
    (null, 48, 8);
insert into follows
    (id, userID, channelID)
values
    (null, 53, 9);
insert into follows
    (id, userID, channelID)
values
    (null, 33, 9);
insert into follows
    (id, userID, channelID)
values
    (null, 11, 6);
insert into follows
    (id, userID, channelID)
values
    (null, 46, 9);
insert into follows
    (id, userID, channelID)
values
    (null, 42, 5);
insert into follows
    (id, userID, channelID)
values
    (null, 56, 5);
insert into follows
    (id, userID, channelID)
values
    (null, 3, 8);
insert into follows
    (id, userID, channelID)
values
    (null, 8, 1);
insert into follows
    (id, userID, channelID)
values
    (null, 16, 10);
insert into follows
    (id, userID, channelID)
values
    (null, 57, 2);
insert into follows
    (id, userID, channelID)
values
    (null, 47, 6);
insert into follows
    (id, userID, channelID)
values
    (null, 46, 5);
insert into follows
    (id, userID, channelID)
values
    (null, 44, 10);
insert into follows
    (id, userID, channelID)
values
    (null, 59, 8);
insert into follows
    (id, userID, channelID)
values
    (null, 40, 10);
insert into follows
    (id, userID, channelID)
values
    (null, 34, 6);
insert into follows
    (id, userID, channelID)
values
    (null, 25, 3);
insert into follows
    (id, userID, channelID)
values
    (null, 33, 8);
insert into follows
    (id, userID, channelID)
values
    (null, 29, 3);
insert into follows
    (id, userID, channelID)
values
    (null, 46, 10);
insert into follows
    (id, userID, channelID)
values
    (null, 40, 3);
insert into follows
    (id, userID, channelID)
values
    (null, 33, 9);
insert into follows
    (id, userID, channelID)
values
    (null, 48, 6);
insert into follows
    (id, userID, channelID)
values
    (null, 49, 9);
insert into follows
    (id, userID, channelID)
values
    (null, 5, 2);
insert into follows
    (id, userID, channelID)
values
    (null, 25, 10);
insert into follows
    (id, userID, channelID)
values
    (null, 8, 7);
insert into follows
    (id, userID, channelID)
values
    (null, 33, 1);
insert into follows
    (id, userID, channelID)
values
    (null, 35, 3);
insert into follows
    (id, userID, channelID)
values
    (null, 51, 5);
insert into follows
    (id, userID, channelID)
values
    (null, 11, 5);
insert into follows
    (id, userID, channelID)
values
    (null, 60, 6);
insert into follows
    (id, userID, channelID)
values
    (null, 8, 4);
insert into follows
    (id, userID, channelID)
values
    (null, 16, 7);
insert into follows
    (id, userID, channelID)
values
    (null, 57, 10);
insert into follows
    (id, userID, channelID)
values
    (null, 48, 8);
insert into follows
    (id, userID, channelID)
values
    (null, 49, 7);
insert into follows
    (id, userID, channelID)
values
    (null, 17, 1);
insert into follows
    (id, userID, channelID)
values
    (null, 45, 10);
insert into follows
    (id, userID, channelID)
values
    (null, 55, 10);
insert into follows
    (id, userID, channelID)
values
    (null, 39, 2);
insert into follows
    (id, userID, channelID)
values
    (null, 54, 8);
insert into follows
    (id, userID, channelID)
values
    (null, 55, 7);
insert into follows
    (id, userID, channelID)
values
    (null, 11, 7);
insert into follows
    (id, userID, channelID)
values
    (null, 15, 1);
insert into follows
    (id, userID, channelID)
values
    (null, 9, 6);
insert into follows
    (id, userID, channelID)
values
    (null, 55, 3);
insert into follows
    (id, userID, channelID)
values
    (null, 21, 2);
insert into follows
    (id, userID, channelID)
values
    (null, 41, 3);
insert into follows
    (id, userID, channelID)
values
    (null, 8, 1);
insert into follows
    (id, userID, channelID)
values
    (null, 20, 7);
insert into follows
    (id, userID, channelID)
values
    (null, 35, 8);
insert into follows
    (id, userID, channelID)
values
    (null, 25, 3);
insert into follows
    (id, userID, channelID)
values
    (null, 39, 6);
insert into follows
    (id, userID, channelID)
values
    (null, 1, 5);
insert into follows
    (id, userID, channelID)
values
    (null, 21, 2);
insert into follows
    (id, userID, channelID)
values
    (null, 24, 1);
insert into follows
    (id, userID, channelID)
values
    (null, 56, 9);
insert into follows
    (id, userID, channelID)
values
    (null, 49, 5);
insert into follows
    (id, userID, channelID)
values
    (null, 34, 8);
insert into follows
    (id, userID, channelID)
values
    (null, 18, 2);
insert into follows
    (id, userID, channelID)
values
    (null, 31, 8);
insert into follows
    (id, userID, channelID)
values
    (null, 51, 6);
insert into follows
    (id, userID, channelID)
values
    (null, 6, 4);
insert into follows
    (id, userID, channelID)
values
    (null, 38, 1);
insert into follows
    (id, userID, channelID)
values
    (null, 8, 5);
insert into follows
    (id, userID, channelID)
values
    (null, 32, 5);
insert into follows
    (id, userID, channelID)
values
    (null, 7, 4);
insert into follows
    (id, userID, channelID)
values
    (null, 57, 2);
insert into follows
    (id, userID, channelID)
values
    (null, 23, 5);
insert into follows
    (id, userID, channelID)
values
    (null, 10, 3);
insert into follows
    (id, userID, channelID)
values
    (null, 32, 2);
insert into follows
    (id, userID, channelID)
values
    (null, 35, 6);
insert into follows
    (id, userID, channelID)
values
    (null, 25, 9);
insert into follows
    (id, userID, channelID)
values
    (null, 26, 6);
insert into follows
    (id, userID, channelID)
values
    (null, 41, 3);
insert into follows
    (id, userID, channelID)
values
    (null, 35, 8);
insert into follows
    (id, userID, channelID)
values
    (null, 53, 7);
insert into follows
    (id, userID, channelID)
values
    (null, 34, 3);
insert into follows
    (id, userID, channelID)
values
    (null, 33, 2);
insert into follows
    (id, userID, channelID)
values
    (null, 37, 10);
insert into follows
    (id, userID, channelID)
values
    (null, 11, 2);
insert into follows
    (id, userID, channelID)
values
    (null, 33, 4);
insert into follows
    (id, userID, channelID)
values
    (null, 33, 2);
insert into follows
    (id, userID, channelID)
values
    (null, 13, 1);
insert into follows
    (id, userID, channelID)
values
    (null, 20, 3);
insert into follows
    (id, userID, channelID)
values
    (null, 49, 4);
insert into follows
    (id, userID, channelID)
values
    (null, 14, 4);
insert into follows
    (id, userID, channelID)
values
    (null, 28, 1);
insert into follows
    (id, userID, channelID)
values
    (null, 26, 2);
insert into follows
    (id, userID, channelID)
values
    (null, 6, 2);
insert into follows
    (id, userID, channelID)
values
    (null, 29, 7);
insert into follows
    (id, userID, channelID)
values
    (null, 4, 7);
insert into follows
    (id, userID, channelID)
values
    (null, 26, 10);
insert into follows
    (id, userID, channelID)
values
    (null, 7, 5);
insert into follows
    (id, userID, channelID)
values
    (null, 36, 10);
insert into follows
    (id, userID, channelID)
values
    (null, 29, 10);
insert into follows
    (id, userID, channelID)
values
    (null, 58, 5);
insert into follows
    (id, userID, channelID)
values
    (null, 41, 9);
insert into follows
    (id, userID, channelID)
values
    (null, 60, 6);
insert into follows
    (id, userID, channelID)
values
    (null, 19, 9);
insert into follows
    (id, userID, channelID)
values
    (null, 4, 3);
insert into follows
    (id, userID, channelID)
values
    (null, 8, 10);
insert into follows
    (id, userID, channelID)
values
    (null, 6, 8);
insert into follows
    (id, userID, channelID)
values
    (null, 52, 3);
insert into follows
    (id, userID, channelID)
values
    (null, 42, 8);
insert into follows
    (id, userID, channelID)
values
    (null, 59, 9);
insert into follows
    (id, userID, channelID)
values
    (null, 5, 10);
insert into follows
    (id, userID, channelID)
values
    (null, 28, 3);
insert into follows
    (id, userID, channelID)
values
    (null, 3, 3);
insert into follows
    (id, userID, channelID)
values
    (null, 10, 1);
insert into follows
    (id, userID, channelID)
values
    (null, 44, 3);
insert into follows
    (id, userID, channelID)
values
    (null, 53, 1);
insert into follows
    (id, userID, channelID)
values
    (null, 15, 10);
insert into follows
    (id, userID, channelID)
values
    (null, 8, 3);
insert into follows
    (id, userID, channelID)
values
    (null, 51, 3);
insert into follows
    (id, userID, channelID)
values
    (null, 9, 6);
insert into follows
    (id, userID, channelID)
values
    (null, 46, 4);
insert into follows
    (id, userID, channelID)
values
    (null, 52, 9);

-- Table: game

INSERT into game
    (gameID, title, followerCount, description, totalViewers)
VALUES
    (NULL, 'The Evil Within', 189, 'A história do jogo se passa na cidade fictícia de Krimson City, nos Estados Unidos. Após um chamado de emergência de polícia no hospício Beacon Mental Hospital, o detetive veterano Sebastian Castellanos, seu parceiro Joseph Oda e sua equipe vão até o local para averiguar e ver o que estava acontecendo. Ao chegarem lá, se deparam com um local pós massacre: lá eles encontram praticamente todos os pacientes, enfermeiros e médicos mortos. Ao checarem as câmeras de segurança para análise e em busca de saber o que realmente aconteceu naquele lugar, eles descobrem que algo fora do comum e da realidade convencional tomou posse do local e causou o massacre. Antes mesmo de sair do local, Sebastian é atacado por uma força desconhecida, ao cair em uma emboscada e ficar inconsciente. Ele acorda em uma realidade totalmente distorcida e perversa, pendurado de ponta cabeça, em uma espécie de abatedouro humano. Ao recobrar a consciência, Sebastian tentar sair do local, mas passa a ser perseguido por um sádico com uma serra-elétrica. Agora caberá a Sebastian buscar respostas e tentar sobreviver.', 13787);
INSERT into game
    (gameID, title, followerCount, description, totalViewers)
VALUES
    (NULL, 'The Evil Within 2', 77, 'The Evil Within 2 começa três anos após os fatos do anterior. Neste cenário temos Sebastian, o sobrevivente da aventura original, que agora é procurado pela agência Mobius para salvar sua filha. Mas algo está errado: Lilly, a filha do policial, foi dada como morta há muitos anos graças a um incêndio em sua casa. O que terá ocorrido e o que a Mobius sabe, de fato, sobre o que aconteceu por lá?', 7889);
INSERT into game
    (gameID, title, followerCount, description, totalViewers)
VALUES
    (NULL, 'A Plague Tale: Innocence', 5214, 'No jogo, o jogador assume o controle de Amicia em uma perspectiva de terceira pessoa. Na maior parte do tempo, os jogadores precisam usar stealth para evitar encontros hostis. Amicia está equipada com uma funda que pode atirar pedras para quebrar cadeias da ponte levadiça ou atordoar os guardas por tempo suficiente para os ratos emboscá-los, ou até matá-los com um tiro na cabeça.[2] O jogo apresenta uma série de quebra-cabeças de sobrevivência, consistindo principalmente em métodos para assustar ou distrair as hordas de ratos famintos, a fim de obter acesso a novas áreas, ou direcioná-las para os inimigos. O principal método de afastar os ratos é o fogo, já que os ratos raramente entram em um raio de tochas e braseiros. Amicia também pode fabricar munição especial e suprimentos, que incluem pedras de enxofre que iniciam a ignição de braseiros, bombas de mau cheiro que atraem ratos ou supressores de fogo para extinguir as tochas carregadas pelos inimigos.[3] O irmão mais novo de Amicia, Hugo, pode ser direcionado para tarefas específicas quando Amicia está ocupada. Mais tarde no jogo, o jogador pode assumir o controle de Hugo, que não pode criar itens, mas é capaz de controlar ratos e esgueirar-se por pequenos espaços. Todas essas habilidades são combinadas quando os irmãos se unem no final do jogo.', 56561);
INSERT into game
    (gameID, title, followerCount, description, totalViewers)
VALUES
    (NULL, 'Lucius', 3, 'Quando Lucius nasceu, em 6 de junho de 1966 , ninguém esperava que ele fosse outra coisa senão um garotinho normal. Sua infância, passada na mansão luxuosa da propriedade privada de seu pai, Charles Wagner e sua esposa, Nancy, foi tão normal quanto a juventude de todas as crianças, excluindo a extrema riqueza de seus pais. A riqueza luxuosa de sua família é devida, em parte, ao avô de Lucius, o passado de Fabius com a multidão. Depois de comemorar na noite do seu sexto aniversário, ele é visitado por Lúcifer, que o instrui a trancar uma empregada no freezer. Enquanto Lucius está dormindo, ele o visita mais uma vez, desta vez se revelando o verdadeiro pai de Lucius. Antes de expulsá-lo, ele dá a Lucius uma tarefa: como parte de uma dívida que a família deve, Lucius deve matar todos que residem na mansão.', 89);
INSERT into game
    (gameID, title, followerCount, description, totalViewers)
VALUES
    (NULL, 'Outlast', 88, 'Outlast é um jogo de survival horror em primeira pessoa, ambientado em um hospício. O personagem principal, Miles Upshur, é incapaz de combater, com exceção de certas partes do jogo em que ele empurra os inimigos. Para navegar no ambiente, o personagem é capaz de subir para bordas, saltar sobre obstáculos baixos, rastejar e escorregar em aberturas estreitas. Os inimigos são incapazes de fazer qualquer dessas manobras, exceto saltar sobre obstáculos baixos, o que dá ao jogador uma certa vantagem. Além disso, o jogador sobrevive fugindo dos inimigos, escondendo dentro de armários ou debaixo das camas, embora certos inimigos possam procurar nestes locais e tentar localizar o jogador por um curto período de tempo antes de prosseguir.', 984);
INSERT into game
    (gameID, title, followerCount, description, totalViewers)
VALUES
    (NULL, 'Shadow of the Tomb Raider', 7895, 'Em Shadow of the Tomb Raider Definitive Edition, descobre o capítulo final da origem da Lara, que a vai definir como a saqueadora de túmulos que está destinada a ser. Inclui o jogo base, os sete túmulos de desafio de conteúdo transferível, bem como todas as armas, roupa e habilidades transferíveis. Shadow of the Tomb Raider Definitive Edition é a derradeira forma de viver o momento que definiu a Lara.', 123855);
INSERT into game
    (gameID, title, followerCount, description, totalViewers)
VALUES
    (NULL, 'Resident Evil 7', 454, 'O jogador controla o protagonista, Ethan, a partir de uma perspectiva em primeira pessoa.[5] Embora Ethan seja um civil que ofereça poucas habilidades de combate, ele pode usar uma variedade de armas de fogo, incluindo pistolas, espingardas, lança-chamas, explosivos e motosserras, que auxiliam no combate contra os inimigos, descritos como "Mofados".[6][7] Além disso, o personagem pode fazer um giro rápido de 180 graus para evitar as criaturas, assim como bloquear ataques recebidos para reduzir os danos causados. Os membros da família Baker estão presentes em grande parte do jogo, mas só podem ser temporariamente incapacitados pelo jogador. No entanto, esses combates são totalmente evitáveis por meio de discrição ou a fuga.', 888);
INSERT into game
    (gameID, title, followerCount, description, totalViewers)
VALUES
    (NULL, 'Metro Exodus', 542, 'Metro Exodus é um jogo eletrônico de tiro em primeira pessoa com elementos de survival horror e stealth. Situado no terreno baldio pós-apocalíptico da antiga Federação Russa, o jogador deve lidar com os novos perigos e se envolver em combate contra criaturas mutantes, assim como contra humanos hostis.[1][2] O jogador empunha um arsenal de armamento feito à mão que pode ser personalizado através de materiais de looting e de um sistema de crafting.[2] O jogo apresenta uma mistura de níveis lineares e ambientes de sandbox.[3] Também inclui um sistema climático dinâmico, um ciclo de dia e noite e ambientes que mudam com as estações conforme a história avança. É definido ao longo de um ano inteiro no jogo.[', 4436);
INSERT into game
    (gameID, title, followerCount, description, totalViewers)
VALUES
    (NULL, 'The Dark Pictures Anthology: Man of Medan', 100, 'Man of Medan é um drama interativo e survival horror jogado a partir de uma perspectiva em terceira pessoa, na qual os jogadores assumem o controle de cinco personagens que estão presos em um navio fantasma.[2] Os jogadores precisam tomar decisões diferentes e selecionar opções de diálogo quando estiverem interagindo com outros personagens. A narrativa se adapta a essas escolhas e é possível que os jogadores mantenham todos os personagens jogáveis vivos e que todos eles morram. As sequências de ação apresentam principalmente quick time events. À medida que os jogadores exploram a nave fantasma, eles podem encontrar diferentes imagens escuras, que dão ao personagem do jogador premonições do que pode acontecer no futuro.[', 1132);
INSERT into game
    (gameID, title, followerCount, description, totalViewers)
VALUES
    (NULL, 'The Forest', 45, 'Em The Forest, o jogador deve sobreviver ao ambiente e não ser morto por canibais de uma ilha florestal após sobreviver a um desastre de avião. Tem, então, que construir abrigos, armas, e outras ferramentas de sobrevivência, além de caçar e encontrar comida. Habitando a ilha, juntamente com várias criaturas da floresta, existe uma tribo de noctívagos e mutantes canibais que habitam nas profundas cavernas da ilha. Embora não sejam sempre hostis para o jogador em um primeiro contato, o seu comportamento usual é agressivo.[1] Contudo, os desenvolvedores querem deixar os jogadores a questionar-se se a tribo canibalistica da ilha é o inimigo do jogador ou vice versa.[1] Por exemplo, no primeiro encontro com o jogador, os canibais costumam hesitar e, em vez de atacar o jogador, podem observá-lo à distância, tentando se comunicar com o jogador através de efígies e enviando patrulhas em volta do acampamento do mesmo. Em combate, eles tentam regularmente proteger os outros de lesões, cercam o jogador e arrastam o membro da tribo ferido para a segurança e, ocasionalmente, se rendem ao medo e fogem.[2] Embora o jogo não tenha missões, essa funcionalidade será uma possibilidade na conclusão do jogo. De momento existe o objectivo opcional de encontrar uma determinada quantidade de passageiros que viajavam no avião destruído.', 953);



-- Table: message

INSERT into message
    (messageID, content, dateSent)
VALUES
    (NULL, 'Bom dia', '05/04/2020 18:25:32');
INSERT into message
    (messageID, content, dateSent)
VALUES
    (NULL, 'Olá', '05/04/2020 18:25:36');
INSERT into message
    (messageID, content, dateSent)
VALUES
    (NULL, 'A live vai demorar?', '05/04/2020 18:25:44');
INSERT into message
    (messageID, content, dateSent)
VALUES
    (NULL, 'kkkkkkkkkk', '05/04/2020 18:26:01');
INSERT into message
    (messageID, content, dateSent)
VALUES
    (NULL, 'Bom dia Pedro', '05/04/2020 18:26:32');
INSERT into message
    (messageID, content, dateSent)
VALUES
    (NULL, 'Já consegui a skin', '05/04/2020 18:26:41');
INSERT into message
    (messageID, content, dateSent)
VALUES
    (NULL, 'Vai demorar?', '05/04/2020 18:27:40');
INSERT into message
    (messageID, content, dateSent)
VALUES
    (NULL, 'A última live foi muito curta!!! :(', '05/04/2020 18:27:59');
INSERT into message
    (messageID, content, dateSent)
VALUES
    (NULL, 'Ja era pra ter começado :/', '05/04/2020 18:28:13');
INSERT into message
    (messageID, content, dateSent)
VALUES
    (NULL, 'Ei', '05/04/2020 18:28:44');

-- Table: receives

INSERT into receives
    (id, userID)
VALUES
    (1, 1);
INSERT into receives
    (id, userID)
VALUES
    (2, 2);
INSERT into receives
    (id, userID)
VALUES
    (3, 3);
INSERT into receives
    (id, userID)
VALUES
    (4, 4);
INSERT into receives
    (id, userID)
VALUES
    (5, 4);
INSERT into receives
    (id, userID)
VALUES
    (6, 6);
INSERT into receives
    (id, userID)
VALUES
    (7, 5);
INSERT into receives
    (id, userID)
VALUES
    (8, 7);
INSERT into receives
    (id, userID)
VALUES
    (9, 9);
INSERT into receives
    (id, userID)
VALUES
    (10, 8);

-- Table: sends

INSERT into sends
    (id, userID)
VALUES
    (1, 2);
INSERT into sends
    (id, userID)
VALUES
    (2, 1);
INSERT into sends
    (id, userID)
VALUES
    (3, 5);
INSERT into sends
    (id, userID)
VALUES
    (4, 1);
INSERT into sends
    (id, userID)
VALUES
    (5, 1);
INSERT into sends
    (id, userID)
VALUES
    (6, 8);
INSERT into sends
    (id, userID)
VALUES
    (7, 8);
INSERT into sends
    (id, userID)
VALUES
    (8, 10);
INSERT into sends
    (id, userID)
VALUES
    (9, 5);
INSERT into sends
    (id, userID)
VALUES
    (10, 2);

-- Table: stream

insert into stream
    (streamID, channelID, gameID, title, startTime, uptime, ageRestriction, viewerCount)
values
    (null, 7, 7, 'Nulla nisl. Nunc nisl. Duis bibendum, felis sed interdum venenatis, turpis enim blandit mi, in porttitor pede justo eu massa.', '3:08', '1:29', false, 296);
insert into stream
    (streamID, channelID, gameID, title, startTime, uptime, ageRestriction, viewerCount)
values
    (null, 3, 9, 'Phasellus id sapien in sapien iaculis congue. Vivamus metus arcu, adipiscing molestie, hendrerit at, vulputate vitae, nisl. Aenean lectus.', '5:20', '0:54', true, 662);
insert into stream
    (streamID, channelID, gameID, title, startTime, uptime, ageRestriction, viewerCount)
values
    (null, 10, 6, 'Sed ante. Vivamus tortor. Duis mattis egestas metus. Aenean fermentum. Donec ut mauris eget massa tempor convallis.', '11:58', '2:28', true, 674);
insert into stream
    (streamID, channelID, gameID, title, startTime, uptime, ageRestriction, viewerCount)
values
    (null, 10, 4, 'Fusce consequat. Nulla nisl. Nunc nisl. Duis bibendum, felis sed interdum venenatis, turpis enim blandit mi, in porttitor pede justo eu massa. Donec dapibus.', '22:36', '7:16', false, 710);
insert into stream
    (streamID, channelID, gameID, title, startTime, uptime, ageRestriction, viewerCount)
values
    (null, 10, 1, 'Fusce consequat. Nulla nisl. Nunc nisl. Duis bibendum, felis sed interdum venenatis, turpis enim blandit mi, in porttitor pede justo eu massa. Donec dapibus. Duis at velit eu est congue elementum. In hac habitasse platea dictumst.', '18:44', '4:40', false, 325);
insert into stream
    (streamID, channelID, gameID, title, startTime, uptime, ageRestriction, viewerCount)
values
    (null, 1, 5, 'Sed sagittis. Nam congue, risus semper porta volutpat, quam pede lobortis ligula, sit amet eleifend pede libero quis orci. Nullam molestie nibh in lectus. Pellentesque at nulla. Suspendisse potenti. Cras in purus eu magna vulputate luctus.', '7:13', '6:09', true, 251);
insert into stream
    (streamID, channelID, gameID, title, startTime, uptime, ageRestriction, viewerCount)
values
    (null, 3, 4, 'Proin at turpis a pede posuere nonummy. Integer non velit. Donec diam neque, vestibulum eget, vulputate ut, ultrices vel, augue.', '3:21', '7:36', true, 702);
insert into stream
    (streamID, channelID, gameID, title, startTime, uptime, ageRestriction, viewerCount)
values
    (null, 10, 10, 'Nam dui. Proin leo odio, porttitor id, consequat in, consequat ut, nulla. Sed accumsan felis. Ut at dolor quis odio consequat varius. Integer ac leo. Pellentesque ultrices mattis odio. Donec vitae nisi.', '18:30', '7:56', false, 548);
insert into stream
    (streamID, channelID, gameID, title, startTime, uptime, ageRestriction, viewerCount)
values
    (null, 3, 10, 'Morbi porttitor lorem id ligula. Suspendisse ornare consequat lectus. In est risus, auctor sed, tristique in, tempus sit amet, sem. Fusce consequat.', '16:26', '4:50', true, 759);
insert into stream
    (streamID, channelID, gameID, title, startTime, uptime, ageRestriction, viewerCount)
values
    (null, 3, 3, 'Curabitur at ipsum ac tellus semper interdum. Mauris ullamcorper purus sit amet nulla. Quisque arcu libero, rutrum ac, lobortis vel, dapibus at, diam.', '16:11', '4:37', false, 532);
insert into stream
    (streamID, channelID, gameID, title, startTime, uptime, ageRestriction, viewerCount)
values
    (null, 4, 6, 'Mauris enim leo, rhoncus sed, vestibulum sit amet, cursus id, turpis. Integer aliquet, massa id lobortis convallis, tortor risus dapibus augue, vel accumsan tellus nisi eu orci. Mauris lacinia sapien quis libero. Nullam sit amet turpis elementum ligula vehicula consequat. Morbi a ipsum. Integer a nibh. In quis justo.', '1:08', '0:15', true, 880);
insert into stream
    (streamID, channelID, gameID, title, startTime, uptime, ageRestriction, viewerCount)
values
    (null, 2, 10, 'Nullam varius. Nulla facilisi. Cras non velit nec nisi vulputate nonummy. Maecenas tincidunt lacus at velit. Vivamus vel nulla eget eros elementum pellentesque.', '16:27', '0:05', true, 670);
insert into stream
    (streamID, channelID, gameID, title, startTime, uptime, ageRestriction, viewerCount)
values
    (null, 10, 5, 'Nullam sit amet turpis elementum ligula vehicula consequat. Morbi a ipsum. Integer a nibh.', '22:20', '0:41', false, 914);
insert into stream
    (streamID, channelID, gameID, title, startTime, uptime, ageRestriction, viewerCount)
values
    (null, 2, 2, 'Aenean fermentum. Donec ut mauris eget massa tempor convallis. Nulla neque libero, convallis eget, eleifend luctus, ultricies eu, nibh. Quisque id justo sit amet sapien dignissim vestibulum. Vestibulum ante ipsum primis in faucibus orci luctus et ultrices posuere cubilia Curae; Nulla dapibus dolor vel est. Donec odio justo, sollicitudin ut, suscipit a, feugiat et, eros.', '12:59', '2:14', false, 933);
insert into stream
    (streamID, channelID, gameID, title, startTime, uptime, ageRestriction, viewerCount)
values
    (null, 5, 2, 'Duis consequat dui nec nisi volutpat eleifend. Donec ut dolor. Morbi vel lectus in quam fringilla rhoncus.', '20:47', '1:17', true, 560);
insert into stream
    (streamID, channelID, gameID, title, startTime, uptime, ageRestriction, viewerCount)
values
    (null, 3, 9, 'Mauris lacinia sapien quis libero. Nullam sit amet turpis elementum ligula vehicula consequat. Morbi a ipsum. Integer a nibh.', '10:44', '3:58', true, 943);
insert into stream
    (streamID, channelID, gameID, title, startTime, uptime, ageRestriction, viewerCount)
values
    (null, 8, 2, 'Vestibulum ac est lacinia nisi venenatis tristique. Fusce congue, diam id ornare imperdiet, sapien urna pretium nisl, ut volutpat sapien arcu sed augue. Aliquam erat volutpat. In congue.', '15:38', '6:34', true, 927);
insert into stream
    (streamID, channelID, gameID, title, startTime, uptime, ageRestriction, viewerCount)
values
    (null, 7, 9, 'Maecenas tristique, est et tempus semper, est quam pharetra magna, ac consequat metus sapien ut nunc. Vestibulum ante ipsum primis in faucibus orci luctus et ultrices posuere cubilia Curae; Mauris viverra diam vitae quam. Suspendisse potenti.', '3:32', '3:50', false, 397);
insert into stream
    (streamID, channelID, gameID, title, startTime, uptime, ageRestriction, viewerCount)
values
    (null, 1, 2, 'Aliquam quis turpis eget elit sodales scelerisque. Mauris sit amet eros. Suspendisse accumsan tortor quis turpis. Sed ante.', '3:03', '2:38', false, 101);
insert into stream
    (streamID, channelID, gameID, title, startTime, uptime, ageRestriction, viewerCount)
values
    (null, 9, 4, 'Cras mi pede, malesuada in, imperdiet et, commodo vulputate, justo. In blandit ultrices enim. Lorem ipsum dolor sit amet, consectetuer adipiscing elit. Proin interdum mauris non ligula pellentesque ultrices.', '5:18', '3:43', false, 524);
insert into stream
    (streamID, channelID, gameID, title, startTime, uptime, ageRestriction, viewerCount)
values
    (null, 9, 7, 'Sed sagittis. Nam congue, risus semper porta volutpat, quam pede lobortis ligula, sit amet eleifend pede libero quis orci. Nullam molestie nibh in lectus. Pellentesque at nulla. Suspendisse potenti. Cras in purus eu magna vulputate luctus.', '17:45', '4:04', true, 57);
insert into stream
    (streamID, channelID, gameID, title, startTime, uptime, ageRestriction, viewerCount)
values
    (null, 1, 6, 'Nullam molestie nibh in lectus. Pellentesque at nulla. Suspendisse potenti. Cras in purus eu magna vulputate luctus. Cum sociis natoque penatibus et magnis dis parturient montes, nascetur ridiculus mus. Vivamus vestibulum sagittis sapien. Cum sociis natoque penatibus et magnis dis parturient montes, nascetur ridiculus mus.', '2:01', '0:10', true, 620);
insert into stream
    (streamID, channelID, gameID, title, startTime, uptime, ageRestriction, viewerCount)
values
    (null, 9, 9, 'Sed sagittis. Nam congue, risus semper porta volutpat, quam pede lobortis ligula, sit amet eleifend pede libero quis orci. Nullam molestie nibh in lectus.', '14:34', '5:59', false, 696);
insert into stream
    (streamID, channelID, gameID, title, startTime, uptime, ageRestriction, viewerCount)
values
    (null, 2, 1, 'Lorem ipsum dolor sit amet, consectetuer adipiscing elit. Proin risus. Praesent lectus. Vestibulum quam sapien, varius ut, blandit non, interdum in, ante.', '23:36', '1:29', true, 367);
insert into stream
    (streamID, channelID, gameID, title, startTime, uptime, ageRestriction, viewerCount)
values
    (null, 1, 7, 'Vivamus tortor. Duis mattis egestas metus. Aenean fermentum. Donec ut mauris eget massa tempor convallis. Nulla neque libero, convallis eget, eleifend luctus, ultricies eu, nibh.', '20:23', '5:38', false, 9);
insert into stream
    (streamID, channelID, gameID, title, startTime, uptime, ageRestriction, viewerCount)
values
    (null, 4, 1, 'Integer aliquet, massa id lobortis convallis, tortor risus dapibus augue, vel accumsan tellus nisi eu orci. Mauris lacinia sapien quis libero. Nullam sit amet turpis elementum ligula vehicula consequat.', '8:01', '0:40', true, 433);
insert into stream
    (streamID, channelID, gameID, title, startTime, uptime, ageRestriction, viewerCount)
values
    (null, 4, 6, 'Nunc rhoncus dui vel sem. Sed sagittis. Nam congue, risus semper porta volutpat, quam pede lobortis ligula, sit amet eleifend pede libero quis orci. Nullam molestie nibh in lectus. Pellentesque at nulla. Suspendisse potenti. Cras in purus eu magna vulputate luctus.', '23:22', '4:15', true, 25);
insert into stream
    (streamID, channelID, gameID, title, startTime, uptime, ageRestriction, viewerCount)
values
    (null, 6, 6, 'Fusce congue, diam id ornare imperdiet, sapien urna pretium nisl, ut volutpat sapien arcu sed augue. Aliquam erat volutpat. In congue. Etiam justo.', '2:33', '2:40', false, 48);
insert into stream
    (streamID, channelID, gameID, title, startTime, uptime, ageRestriction, viewerCount)
values
    (null, 9, 5, 'Maecenas rhoncus aliquam lacus. Morbi quis tortor id nulla ultrices aliquet. Maecenas leo odio, condimentum id, luctus nec, molestie sed, justo. Pellentesque viverra pede ac diam. Cras pellentesque volutpat dui.', '22:15', '2:11', true, 556);
insert into stream
    (streamID, channelID, gameID, title, startTime, uptime, ageRestriction, viewerCount)
values
    (null, 3, 10, 'Praesent blandit lacinia erat. Vestibulum sed magna at nunc commodo placerat. Praesent blandit. Nam nulla. Integer pede justo, lacinia eget, tincidunt eget, tempus vel, pede.', '15:38', '0:48', true, 473);
insert into stream
    (streamID, channelID, gameID, title, startTime, uptime, ageRestriction, viewerCount)
values
    (null, 10, 8, 'In eleifend quam a odio. In hac habitasse platea dictumst. Maecenas ut massa quis augue luctus tincidunt. Nulla mollis molestie lorem.', '22:23', '4:41', true, 926);
insert into stream
    (streamID, channelID, gameID, title, startTime, uptime, ageRestriction, viewerCount)
values
    (null, 2, 10, 'In hac habitasse platea dictumst. Etiam faucibus cursus urna. Ut tellus. Nulla ut erat id mauris vulputate elementum.', '16:21', '7:44', false, 296);
insert into stream
    (streamID, channelID, gameID, title, startTime, uptime, ageRestriction, viewerCount)
values
    (null, 6, 6, 'Suspendisse accumsan tortor quis turpis. Sed ante. Vivamus tortor. Duis mattis egestas metus. Aenean fermentum.', '18:22', '3:24', false, 113);
insert into stream
    (streamID, channelID, gameID, title, startTime, uptime, ageRestriction, viewerCount)
values
    (null, 7, 9, 'Duis bibendum, felis sed interdum venenatis, turpis enim blandit mi, in porttitor pede justo eu massa. Donec dapibus. Duis at velit eu est congue elementum. In hac habitasse platea dictumst. Morbi vestibulum, velit id pretium iaculis, diam erat fermentum justo, nec condimentum neque sapien placerat ante. Nulla justo.', '20:39', '2:40', true, 291);
insert into stream
    (streamID, channelID, gameID, title, startTime, uptime, ageRestriction, viewerCount)
values
    (null, 6, 3, 'Morbi quis tortor id nulla ultrices aliquet. Maecenas leo odio, condimentum id, luctus nec, molestie sed, justo. Pellentesque viverra pede ac diam. Cras pellentesque volutpat dui. Maecenas tristique, est et tempus semper, est quam pharetra magna, ac consequat metus sapien ut nunc. Vestibulum ante ipsum primis in faucibus orci luctus et ultrices posuere cubilia Curae; Mauris viverra diam vitae quam. Suspendisse potenti.', '22:08', '4:23', false, 387);
insert into stream
    (streamID, channelID, gameID, title, startTime, uptime, ageRestriction, viewerCount)
values
    (null, 2, 3, 'Integer ac neque. Duis bibendum. Morbi non quam nec dui luctus rutrum.', '23:29', '1:08', true, 372);
insert into stream
    (streamID, channelID, gameID, title, startTime, uptime, ageRestriction, viewerCount)
values
    (null, 6, 10, 'Cras non velit nec nisi vulputate nonummy. Maecenas tincidunt lacus at velit. Vivamus vel nulla eget eros elementum pellentesque. Quisque porta volutpat erat. Quisque erat eros, viverra eget, congue eget, semper rutrum, nulla.', '9:00', '1:40', false, 406);
insert into stream
    (streamID, channelID, gameID, title, startTime, uptime, ageRestriction, viewerCount)
values
    (null, 8, 5, 'Ut tellus. Nulla ut erat id mauris vulputate elementum. Nullam varius. Nulla facilisi.', '20:46', '2:15', true, 436);
insert into stream
    (streamID, channelID, gameID, title, startTime, uptime, ageRestriction, viewerCount)
values
    (null, 4, 3, 'Nullam porttitor lacus at turpis. Donec posuere metus vitae ipsum. Aliquam non mauris. Morbi non lectus. Aliquam sit amet diam in magna bibendum imperdiet. Nullam orci pede, venenatis non, sodales sed, tincidunt eu, felis. Fusce posuere felis sed lacus.', '7:54', '5:37', true, 293);
insert into stream
    (streamID, channelID, gameID, title, startTime, uptime, ageRestriction, viewerCount)
values
    (null, 2, 9, 'Etiam pretium iaculis justo. In hac habitasse platea dictumst. Etiam faucibus cursus urna.', '12:20', '7:50', true, 415);
insert into stream
    (streamID, channelID, gameID, title, startTime, uptime, ageRestriction, viewerCount)
values
    (null, 4, 5, 'Duis ac nibh. Fusce lacus purus, aliquet at, feugiat non, pretium quis, lectus. Suspendisse potenti. In eleifend quam a odio. In hac habitasse platea dictumst.', '19:49', '5:32', true, 212);
insert into stream
    (streamID, channelID, gameID, title, startTime, uptime, ageRestriction, viewerCount)
values
    (null, 6, 6, 'Nulla ut erat id mauris vulputate elementum. Nullam varius. Nulla facilisi. Cras non velit nec nisi vulputate nonummy. Maecenas tincidunt lacus at velit. Vivamus vel nulla eget eros elementum pellentesque.', '20:55', '1:20', false, 227);
insert into stream
    (streamID, channelID, gameID, title, startTime, uptime, ageRestriction, viewerCount)
values
    (null, 7, 10, 'Mauris lacinia sapien quis libero. Nullam sit amet turpis elementum ligula vehicula consequat. Morbi a ipsum. Integer a nibh. In quis justo. Maecenas rhoncus aliquam lacus.', '8:09', '4:11', true, 514);
insert into stream
    (streamID, channelID, gameID, title, startTime, uptime, ageRestriction, viewerCount)
values
    (null, 6, 9, 'Proin eu mi. Nulla ac enim. In tempor, turpis nec euismod scelerisque, quam turpis adipiscing lorem, vitae mattis nibh ligula nec sem. Duis aliquam convallis nunc. Proin at turpis a pede posuere nonummy.', '6:34', '6:23', true, 650);
insert into stream
    (streamID, channelID, gameID, title, startTime, uptime, ageRestriction, viewerCount)
values
    (null, 4, 1, 'Nulla justo. Aliquam quis turpis eget elit sodales scelerisque. Mauris sit amet eros. Suspendisse accumsan tortor quis turpis. Sed ante. Vivamus tortor. Duis mattis egestas metus.', '19:00', '2:25', true, 21);
insert into stream
    (streamID, channelID, gameID, title, startTime, uptime, ageRestriction, viewerCount)
values
    (null, 10, 10, 'Phasellus in felis. Donec semper sapien a libero. Nam dui. Proin leo odio, porttitor id, consequat in, consequat ut, nulla. Sed accumsan felis. Ut at dolor quis odio consequat varius. Integer ac leo.', '20:05', '0:48', true, 320);
insert into stream
    (streamID, channelID, gameID, title, startTime, uptime, ageRestriction, viewerCount)
values
    (null, 7, 9, 'Nulla ut erat id mauris vulputate elementum. Nullam varius. Nulla facilisi. Cras non velit nec nisi vulputate nonummy. Maecenas tincidunt lacus at velit.', '8:35', '7:58', true, 967);
insert into stream
    (streamID, channelID, gameID, title, startTime, uptime, ageRestriction, viewerCount)
values
    (null, 1, 8, 'Fusce consequat. Nulla nisl. Nunc nisl. Duis bibendum, felis sed interdum venenatis, turpis enim blandit mi, in porttitor pede justo eu massa. Donec dapibus. Duis at velit eu est congue elementum.', '0:42', '0:23', false, 154);
insert into stream
    (streamID, channelID, gameID, title, startTime, uptime, ageRestriction, viewerCount)
values
    (null, 4, 2, 'Morbi odio odio, elementum eu, interdum eu, tincidunt in, leo. Maecenas pulvinar lobortis est. Phasellus sit amet erat.', '4:29', '5:37', true, 853);
insert into stream
    (streamID, channelID, gameID, title, startTime, uptime, ageRestriction, viewerCount)
values
    (null, 5, 4, 'Mauris lacinia sapien quis libero. Nullam sit amet turpis elementum ligula vehicula consequat. Morbi a ipsum. Integer a nibh.', '13:25', '6:24', false, 524);
insert into stream
    (streamID, channelID, gameID, title, startTime, uptime, ageRestriction, viewerCount)
values
    (null, 5, 10, 'Duis at velit eu est congue elementum. In hac habitasse platea dictumst. Morbi vestibulum, velit id pretium iaculis, diam erat fermentum justo, nec condimentum neque sapien placerat ante. Nulla justo. Aliquam quis turpis eget elit sodales scelerisque. Mauris sit amet eros.', '0:46', '5:46', true, 193);
insert into stream
    (streamID, channelID, gameID, title, startTime, uptime, ageRestriction, viewerCount)
values
    (null, 7, 7, 'In hac habitasse platea dictumst. Aliquam augue quam, sollicitudin vitae, consectetuer eget, rutrum at, lorem. Integer tincidunt ante vel ipsum.', '9:32', '4:09', false, 386);
insert into stream
    (streamID, channelID, gameID, title, startTime, uptime, ageRestriction, viewerCount)
values
    (null, 3, 2, 'Integer pede justo, lacinia eget, tincidunt eget, tempus vel, pede. Morbi porttitor lorem id ligula. Suspendisse ornare consequat lectus. In est risus, auctor sed, tristique in, tempus sit amet, sem. Fusce consequat. Nulla nisl. Nunc nisl.', '4:54', '0:13', false, 69);
insert into stream
    (streamID, channelID, gameID, title, startTime, uptime, ageRestriction, viewerCount)
values
    (null, 5, 10, 'Donec posuere metus vitae ipsum. Aliquam non mauris. Morbi non lectus. Aliquam sit amet diam in magna bibendum imperdiet. Nullam orci pede, venenatis non, sodales sed, tincidunt eu, felis.', '15:49', '1:35', false, 881);
insert into stream
    (streamID, channelID, gameID, title, startTime, uptime, ageRestriction, viewerCount)
values
    (null, 10, 4, 'Suspendisse potenti. In eleifend quam a odio. In hac habitasse platea dictumst. Maecenas ut massa quis augue luctus tincidunt.', '16:31', '7:12', true, 92);
insert into stream
    (streamID, channelID, gameID, title, startTime, uptime, ageRestriction, viewerCount)
values
    (null, 10, 6, 'Curabitur in libero ut massa volutpat convallis. Morbi odio odio, elementum eu, interdum eu, tincidunt in, leo. Maecenas pulvinar lobortis est. Phasellus sit amet erat. Nulla tempus.', '22:48', '1:59', false, 671);
insert into stream
    (streamID, channelID, gameID, title, startTime, uptime, ageRestriction, viewerCount)
values
    (null, 1, 3, 'Nulla nisl. Nunc nisl. Duis bibendum, felis sed interdum venenatis, turpis enim blandit mi, in porttitor pede justo eu massa. Donec dapibus. Duis at velit eu est congue elementum. In hac habitasse platea dictumst. Morbi vestibulum, velit id pretium iaculis, diam erat fermentum justo, nec condimentum neque sapien placerat ante.', '22:20', '2:45', false, 153);
insert into stream
    (streamID, channelID, gameID, title, startTime, uptime, ageRestriction, viewerCount)
values
    (null, 2, 4, 'Suspendisse potenti. In eleifend quam a odio. In hac habitasse platea dictumst. Maecenas ut massa quis augue luctus tincidunt. Nulla mollis molestie lorem. Quisque ut erat.', '0:12', '7:32', true, 767);
insert into stream
    (streamID, channelID, gameID, title, startTime, uptime, ageRestriction, viewerCount)
values
    (null, 3, 5, 'Donec diam neque, vestibulum eget, vulputate ut, ultrices vel, augue. Vestibulum ante ipsum primis in faucibus orci luctus et ultrices posuere cubilia Curae; Donec pharetra, magna vestibulum aliquet ultrices, erat tortor sollicitudin mi, sit amet lobortis sapien sapien non mi. Integer ac neque.', '21:50', '5:13', true, 866);
insert into stream
    (streamID, channelID, gameID, title, startTime, uptime, ageRestriction, viewerCount)
values
    (null, 10, 5, 'Curabitur in libero ut massa volutpat convallis. Morbi odio odio, elementum eu, interdum eu, tincidunt in, leo. Maecenas pulvinar lobortis est. Phasellus sit amet erat. Nulla tempus. Vivamus in felis eu sapien cursus vestibulum.', '2:49', '1:16', true, 526);
insert into stream
    (streamID, channelID, gameID, title, startTime, uptime, ageRestriction, viewerCount)
values
    (null, 7, 8, 'Aliquam sit amet diam in magna bibendum imperdiet. Nullam orci pede, venenatis non, sodales sed, tincidunt eu, felis. Fusce posuere felis sed lacus. Morbi sem mauris, laoreet ut, rhoncus aliquet, pulvinar sed, nisl.', '12:08', '3:55', false, 452);
insert into stream
    (streamID, channelID, gameID, title, startTime, uptime, ageRestriction, viewerCount)
values
    (null, 9, 9, 'Vivamus vel nulla eget eros elementum pellentesque. Quisque porta volutpat erat. Quisque erat eros, viverra eget, congue eget, semper rutrum, nulla.', '8:39', '2:33', false, 55);
insert into stream
    (streamID, channelID, gameID, title, startTime, uptime, ageRestriction, viewerCount)
values
    (null, 3, 1, 'Fusce posuere felis sed lacus. Morbi sem mauris, laoreet ut, rhoncus aliquet, pulvinar sed, nisl. Nunc rhoncus dui vel sem. Sed sagittis. Nam congue, risus semper porta volutpat, quam pede lobortis ligula, sit amet eleifend pede libero quis orci. Nullam molestie nibh in lectus. Pellentesque at nulla.', '1:28', '2:07', true, 354);
insert into stream
    (streamID, channelID, gameID, title, startTime, uptime, ageRestriction, viewerCount)
values
    (null, 8, 8, 'Sed ante. Vivamus tortor. Duis mattis egestas metus. Aenean fermentum. Donec ut mauris eget massa tempor convallis.', '21:26', '1:57', true, 195);
insert into stream
    (streamID, channelID, gameID, title, startTime, uptime, ageRestriction, viewerCount)
values
    (null, 6, 9, 'Fusce lacus purus, aliquet at, feugiat non, pretium quis, lectus. Suspendisse potenti. In eleifend quam a odio. In hac habitasse platea dictumst. Maecenas ut massa quis augue luctus tincidunt. Nulla mollis molestie lorem. Quisque ut erat.', '8:36', '3:40', true, 104);
insert into stream
    (streamID, channelID, gameID, title, startTime, uptime, ageRestriction, viewerCount)
values
    (null, 7, 5, 'Cum sociis natoque penatibus et magnis dis parturient montes, nascetur ridiculus mus. Etiam vel augue. Vestibulum rutrum rutrum neque. Aenean auctor gravida sem. Praesent id massa id nisl venenatis lacinia.', '2:44', '5:19', false, 348);
insert into stream
    (streamID, channelID, gameID, title, startTime, uptime, ageRestriction, viewerCount)
values
    (null, 3, 10, 'Vestibulum ante ipsum primis in faucibus orci luctus et ultrices posuere cubilia Curae; Nulla dapibus dolor vel est. Donec odio justo, sollicitudin ut, suscipit a, feugiat et, eros. Vestibulum ac est lacinia nisi venenatis tristique. Fusce congue, diam id ornare imperdiet, sapien urna pretium nisl, ut volutpat sapien arcu sed augue. Aliquam erat volutpat. In congue.', '0:33', '7:07', false, 184);
insert into stream
    (streamID, channelID, gameID, title, startTime, uptime, ageRestriction, viewerCount)
values
    (null, 3, 1, 'Cras non velit nec nisi vulputate nonummy. Maecenas tincidunt lacus at velit. Vivamus vel nulla eget eros elementum pellentesque.', '5:05', '7:22', false, 261);
insert into stream
    (streamID, channelID, gameID, title, startTime, uptime, ageRestriction, viewerCount)
values
    (null, 2, 6, 'Aenean sit amet justo. Morbi ut odio. Cras mi pede, malesuada in, imperdiet et, commodo vulputate, justo. In blandit ultrices enim. Lorem ipsum dolor sit amet, consectetuer adipiscing elit.', '20:03', '7:40', true, 686);
insert into stream
    (streamID, channelID, gameID, title, startTime, uptime, ageRestriction, viewerCount)
values
    (null, 5, 6, 'Quisque ut erat. Curabitur gravida nisi at nibh. In hac habitasse platea dictumst. Aliquam augue quam, sollicitudin vitae, consectetuer eget, rutrum at, lorem. Integer tincidunt ante vel ipsum. Praesent blandit lacinia erat. Vestibulum sed magna at nunc commodo placerat.', '23:42', '6:00', false, 506);
insert into stream
    (streamID, channelID, gameID, title, startTime, uptime, ageRestriction, viewerCount)
values
    (null, 9, 3, 'Donec odio justo, sollicitudin ut, suscipit a, feugiat et, eros. Vestibulum ac est lacinia nisi venenatis tristique. Fusce congue, diam id ornare imperdiet, sapien urna pretium nisl, ut volutpat sapien arcu sed augue. Aliquam erat volutpat.', '19:23', '1:06', true, 76);
insert into stream
    (streamID, channelID, gameID, title, startTime, uptime, ageRestriction, viewerCount)
values
    (null, 1, 1, 'Aenean auctor gravida sem. Praesent id massa id nisl venenatis lacinia. Aenean sit amet justo. Morbi ut odio. Cras mi pede, malesuada in, imperdiet et, commodo vulputate, justo.', '9:17', '7:17', true, 293);
insert into stream
    (streamID, channelID, gameID, title, startTime, uptime, ageRestriction, viewerCount)
values
    (null, 10, 8, 'Proin leo odio, porttitor id, consequat in, consequat ut, nulla. Sed accumsan felis. Ut at dolor quis odio consequat varius. Integer ac leo. Pellentesque ultrices mattis odio.', '0:35', '2:33', false, 317);
insert into stream
    (streamID, channelID, gameID, title, startTime, uptime, ageRestriction, viewerCount)
values
    (null, 2, 5, 'Morbi non lectus. Aliquam sit amet diam in magna bibendum imperdiet. Nullam orci pede, venenatis non, sodales sed, tincidunt eu, felis. Fusce posuere felis sed lacus. Morbi sem mauris, laoreet ut, rhoncus aliquet, pulvinar sed, nisl. Nunc rhoncus dui vel sem. Sed sagittis.', '15:41', '7:06', true, 329);
insert into stream
    (streamID, channelID, gameID, title, startTime, uptime, ageRestriction, viewerCount)
values
    (null, 5, 8, 'Praesent lectus. Vestibulum quam sapien, varius ut, blandit non, interdum in, ante. Vestibulum ante ipsum primis in faucibus orci luctus et ultrices posuere cubilia Curae; Duis faucibus accumsan odio. Curabitur convallis. Duis consequat dui nec nisi volutpat eleifend. Donec ut dolor. Morbi vel lectus in quam fringilla rhoncus.', '15:35', '4:29', true, 150);
insert into stream
    (streamID, channelID, gameID, title, startTime, uptime, ageRestriction, viewerCount)
values
    (null, 7, 9, 'Phasellus sit amet erat. Nulla tempus. Vivamus in felis eu sapien cursus vestibulum. Proin eu mi. Nulla ac enim. In tempor, turpis nec euismod scelerisque, quam turpis adipiscing lorem, vitae mattis nibh ligula nec sem. Duis aliquam convallis nunc.', '15:08', '3:57', true, 148);
insert into stream
    (streamID, channelID, gameID, title, startTime, uptime, ageRestriction, viewerCount)
values
    (null, 10, 4, 'Morbi non lectus. Aliquam sit amet diam in magna bibendum imperdiet. Nullam orci pede, venenatis non, sodales sed, tincidunt eu, felis. Fusce posuere felis sed lacus.', '10:45', '5:35', false, 611);
insert into stream
    (streamID, channelID, gameID, title, startTime, uptime, ageRestriction, viewerCount)
values
    (null, 4, 2, 'Morbi sem mauris, laoreet ut, rhoncus aliquet, pulvinar sed, nisl. Nunc rhoncus dui vel sem. Sed sagittis. Nam congue, risus semper porta volutpat, quam pede lobortis ligula, sit amet eleifend pede libero quis orci. Nullam molestie nibh in lectus. Pellentesque at nulla. Suspendisse potenti.', '15:50', '3:02', true, 246);
insert into stream
    (streamID, channelID, gameID, title, startTime, uptime, ageRestriction, viewerCount)
values
    (null, 9, 9, 'Suspendisse potenti. In eleifend quam a odio. In hac habitasse platea dictumst. Maecenas ut massa quis augue luctus tincidunt. Nulla mollis molestie lorem. Quisque ut erat.', '6:22', '7:51', false, 727);
insert into stream
    (streamID, channelID, gameID, title, startTime, uptime, ageRestriction, viewerCount)
values
    (null, 2, 4, 'Nullam varius. Nulla facilisi. Cras non velit nec nisi vulputate nonummy. Maecenas tincidunt lacus at velit.', '4:47', '0:22', true, 459);
insert into stream
    (streamID, channelID, gameID, title, startTime, uptime, ageRestriction, viewerCount)
values
    (null, 10, 7, 'Nulla ut erat id mauris vulputate elementum. Nullam varius. Nulla facilisi. Cras non velit nec nisi vulputate nonummy.', '4:38', '6:04', true, 47);
insert into stream
    (streamID, channelID, gameID, title, startTime, uptime, ageRestriction, viewerCount)
values
    (null, 9, 6, 'Donec semper sapien a libero. Nam dui. Proin leo odio, porttitor id, consequat in, consequat ut, nulla. Sed accumsan felis. Ut at dolor quis odio consequat varius.', '23:30', '1:16', false, 159);
insert into stream
    (streamID, channelID, gameID, title, startTime, uptime, ageRestriction, viewerCount)
values
    (null, 2, 2, 'In hac habitasse platea dictumst. Etiam faucibus cursus urna. Ut tellus. Nulla ut erat id mauris vulputate elementum. Nullam varius.', '17:30', '7:56', true, 783);
insert into stream
    (streamID, channelID, gameID, title, startTime, uptime, ageRestriction, viewerCount)
values
    (null, 8, 4, 'Donec posuere metus vitae ipsum. Aliquam non mauris. Morbi non lectus. Aliquam sit amet diam in magna bibendum imperdiet. Nullam orci pede, venenatis non, sodales sed, tincidunt eu, felis. Fusce posuere felis sed lacus.', '16:24', '0:07', false, 444);
insert into stream
    (streamID, channelID, gameID, title, startTime, uptime, ageRestriction, viewerCount)
values
    (null, 10, 6, 'Vestibulum quam sapien, varius ut, blandit non, interdum in, ante. Vestibulum ante ipsum primis in faucibus orci luctus et ultrices posuere cubilia Curae; Duis faucibus accumsan odio. Curabitur convallis. Duis consequat dui nec nisi volutpat eleifend. Donec ut dolor.', '3:37', '6:18', true, 122);
insert into stream
    (streamID, channelID, gameID, title, startTime, uptime, ageRestriction, viewerCount)
values
    (null, 5, 2, 'Nulla nisl. Nunc nisl. Duis bibendum, felis sed interdum venenatis, turpis enim blandit mi, in porttitor pede justo eu massa. Donec dapibus. Duis at velit eu est congue elementum. In hac habitasse platea dictumst. Morbi vestibulum, velit id pretium iaculis, diam erat fermentum justo, nec condimentum neque sapien placerat ante.', '18:36', '2:30', false, 627);
insert into stream
    (streamID, channelID, gameID, title, startTime, uptime, ageRestriction, viewerCount)
values
    (null, 1, 7, 'Ut at dolor quis odio consequat varius. Integer ac leo. Pellentesque ultrices mattis odio. Donec vitae nisi. Nam ultrices, libero non mattis pulvinar, nulla pede ullamcorper augue, a suscipit nulla elit ac nulla. Sed vel enim sit amet nunc viverra dapibus. Nulla suscipit ligula in lacus.', '3:46', '7:08', true, 407);
insert into stream
    (streamID, channelID, gameID, title, startTime, uptime, ageRestriction, viewerCount)
values
    (null, 4, 4, 'Pellentesque at nulla. Suspendisse potenti. Cras in purus eu magna vulputate luctus. Cum sociis natoque penatibus et magnis dis parturient montes, nascetur ridiculus mus. Vivamus vestibulum sagittis sapien. Cum sociis natoque penatibus et magnis dis parturient montes, nascetur ridiculus mus.', '9:00', '3:03', true, 360);
insert into stream
    (streamID, channelID, gameID, title, startTime, uptime, ageRestriction, viewerCount)
values
    (null, 7, 10, 'Donec vitae nisi. Nam ultrices, libero non mattis pulvinar, nulla pede ullamcorper augue, a suscipit nulla elit ac nulla. Sed vel enim sit amet nunc viverra dapibus. Nulla suscipit ligula in lacus. Curabitur at ipsum ac tellus semper interdum. Mauris ullamcorper purus sit amet nulla. Quisque arcu libero, rutrum ac, lobortis vel, dapibus at, diam.', '18:45', '0:23', false, 441);
insert into stream
    (streamID, channelID, gameID, title, startTime, uptime, ageRestriction, viewerCount)
values
    (null, 7, 9, 'Curabitur gravida nisi at nibh. In hac habitasse platea dictumst. Aliquam augue quam, sollicitudin vitae, consectetuer eget, rutrum at, lorem. Integer tincidunt ante vel ipsum. Praesent blandit lacinia erat. Vestibulum sed magna at nunc commodo placerat.', '7:36', '6:44', false, 806);
insert into stream
    (streamID, channelID, gameID, title, startTime, uptime, ageRestriction, viewerCount)
values
    (null, 3, 9, 'Pellentesque viverra pede ac diam. Cras pellentesque volutpat dui. Maecenas tristique, est et tempus semper, est quam pharetra magna, ac consequat metus sapien ut nunc. Vestibulum ante ipsum primis in faucibus orci luctus et ultrices posuere cubilia Curae; Mauris viverra diam vitae quam. Suspendisse potenti.', '22:36', '4:51', true, 203);
insert into stream
    (streamID, channelID, gameID, title, startTime, uptime, ageRestriction, viewerCount)
values
    (null, 1, 2, 'Donec odio justo, sollicitudin ut, suscipit a, feugiat et, eros. Vestibulum ac est lacinia nisi venenatis tristique. Fusce congue, diam id ornare imperdiet, sapien urna pretium nisl, ut volutpat sapien arcu sed augue.', '22:16', '2:07', true, 953);
insert into stream
    (streamID, channelID, gameID, title, startTime, uptime, ageRestriction, viewerCount)
values
    (null, 3, 9, 'Morbi vel lectus in quam fringilla rhoncus. Mauris enim leo, rhoncus sed, vestibulum sit amet, cursus id, turpis. Integer aliquet, massa id lobortis convallis, tortor risus dapibus augue, vel accumsan tellus nisi eu orci. Mauris lacinia sapien quis libero. Nullam sit amet turpis elementum ligula vehicula consequat. Morbi a ipsum. Integer a nibh.', '15:22', '3:17', true, 769);
insert into stream
    (streamID, channelID, gameID, title, startTime, uptime, ageRestriction, viewerCount)
values
    (null, 7, 3, 'Praesent lectus. Vestibulum quam sapien, varius ut, blandit non, interdum in, ante. Vestibulum ante ipsum primis in faucibus orci luctus et ultrices posuere cubilia Curae; Duis faucibus accumsan odio. Curabitur convallis.', '4:36', '5:14', false, 199);
insert into stream
    (streamID, channelID, gameID, title, startTime, uptime, ageRestriction, viewerCount)
values
    (null, 1, 6, 'Vestibulum ante ipsum primis in faucibus orci luctus et ultrices posuere cubilia Curae; Duis faucibus accumsan odio. Curabitur convallis. Duis consequat dui nec nisi volutpat eleifend. Donec ut dolor.', '15:51', '7:20', true, 405);
insert into stream
    (streamID, channelID, gameID, title, startTime, uptime, ageRestriction, viewerCount)
values
    (null, 4, 9, 'Suspendisse potenti. In eleifend quam a odio. In hac habitasse platea dictumst. Maecenas ut massa quis augue luctus tincidunt.', '20:19', '1:18', true, 297);
insert into stream
    (streamID, channelID, gameID, title, startTime, uptime, ageRestriction, viewerCount)
values
    (null, 6, 2, 'Proin eu mi. Nulla ac enim. In tempor, turpis nec euismod scelerisque, quam turpis adipiscing lorem, vitae mattis nibh ligula nec sem.', '23:52', '1:45', false, 801);
insert into stream
    (streamID, channelID, gameID, title, startTime, uptime, ageRestriction, viewerCount)
values
    (null, 10, 1, 'Nam dui. Proin leo odio, porttitor id, consequat in, consequat ut, nulla. Sed accumsan felis. Ut at dolor quis odio consequat varius. Integer ac leo.', '15:48', '2:57', false, 989);
insert into stream
    (streamID, channelID, gameID, title, startTime, uptime, ageRestriction, viewerCount)
values
    (null, 3, 1, 'Ut tellus. Nulla ut erat id mauris vulputate elementum. Nullam varius.', '2:34', '1:26', true, 759);
insert into stream
    (streamID, channelID, gameID, title, startTime, uptime, ageRestriction, viewerCount)
values
    (null, 6, 5, 'Donec ut mauris eget massa tempor convallis. Nulla neque libero, convallis eget, eleifend luctus, ultricies eu, nibh. Quisque id justo sit amet sapien dignissim vestibulum.', '10:32', '1:21', false, 514);
insert into stream
    (streamID, channelID, gameID, title, startTime, uptime, ageRestriction, viewerCount)
values
    (null, 6, 6, 'Phasellus id sapien in sapien iaculis congue. Vivamus metus arcu, adipiscing molestie, hendrerit at, vulputate vitae, nisl. Aenean lectus.', '2:23', '0:49', true, 273);
insert into stream
    (streamID, channelID, gameID, title, startTime, uptime, ageRestriction, viewerCount)
values
    (null, 4, 10, 'In hac habitasse platea dictumst. Morbi vestibulum, velit id pretium iaculis, diam erat fermentum justo, nec condimentum neque sapien placerat ante. Nulla justo. Aliquam quis turpis eget elit sodales scelerisque. Mauris sit amet eros.', '14:32', '3:58', true, 328);
insert into stream
    (streamID, channelID, gameID, title, startTime, uptime, ageRestriction, viewerCount)
values
    (null, 10, 6, 'Morbi odio odio, elementum eu, interdum eu, tincidunt in, leo. Maecenas pulvinar lobortis est. Phasellus sit amet erat. Nulla tempus. Vivamus in felis eu sapien cursus vestibulum.', '13:13', '5:39', true, 313);
insert into stream
    (streamID, channelID, gameID, title, startTime, uptime, ageRestriction, viewerCount)
values
    (null, 4, 2, 'Aenean sit amet justo. Morbi ut odio. Cras mi pede, malesuada in, imperdiet et, commodo vulputate, justo. In blandit ultrices enim. Lorem ipsum dolor sit amet, consectetuer adipiscing elit. Proin interdum mauris non ligula pellentesque ultrices. Phasellus id sapien in sapien iaculis congue.', '22:26', '1:50', false, 372);
insert into stream
    (streamID, channelID, gameID, title, startTime, uptime, ageRestriction, viewerCount)
values
    (null, 5, 9, 'Donec diam neque, vestibulum eget, vulputate ut, ultrices vel, augue. Vestibulum ante ipsum primis in faucibus orci luctus et ultrices posuere cubilia Curae; Donec pharetra, magna vestibulum aliquet ultrices, erat tortor sollicitudin mi, sit amet lobortis sapien sapien non mi. Integer ac neque. Duis bibendum. Morbi non quam nec dui luctus rutrum. Nulla tellus.', '3:45', '5:14', false, 821);
insert into stream
    (streamID, channelID, gameID, title, startTime, uptime, ageRestriction, viewerCount)
values
    (null, 5, 2, 'Morbi a ipsum. Integer a nibh. In quis justo. Maecenas rhoncus aliquam lacus. Morbi quis tortor id nulla ultrices aliquet.', '4:03', '2:32', true, 551);
insert into stream
    (streamID, channelID, gameID, title, startTime, uptime, ageRestriction, viewerCount)
values
    (null, 2, 7, 'In hac habitasse platea dictumst. Etiam faucibus cursus urna. Ut tellus. Nulla ut erat id mauris vulputate elementum. Nullam varius. Nulla facilisi.', '1:22', '6:47', false, 393);
insert into stream
    (streamID, channelID, gameID, title, startTime, uptime, ageRestriction, viewerCount)
values
    (null, 4, 6, 'Morbi odio odio, elementum eu, interdum eu, tincidunt in, leo. Maecenas pulvinar lobortis est. Phasellus sit amet erat. Nulla tempus. Vivamus in felis eu sapien cursus vestibulum.', '22:36', '5:28', true, 404);
insert into stream
    (streamID, channelID, gameID, title, startTime, uptime, ageRestriction, viewerCount)
values
    (null, 6, 10, 'In tempor, turpis nec euismod scelerisque, quam turpis adipiscing lorem, vitae mattis nibh ligula nec sem. Duis aliquam convallis nunc. Proin at turpis a pede posuere nonummy. Integer non velit. Donec diam neque, vestibulum eget, vulputate ut, ultrices vel, augue.', '7:07', '0:21', true, 811);
insert into stream
    (streamID, channelID, gameID, title, startTime, uptime, ageRestriction, viewerCount)
values
    (null, 8, 3, 'Integer aliquet, massa id lobortis convallis, tortor risus dapibus augue, vel accumsan tellus nisi eu orci. Mauris lacinia sapien quis libero. Nullam sit amet turpis elementum ligula vehicula consequat. Morbi a ipsum. Integer a nibh. In quis justo.', '14:29', '0:19', true, 727);
insert into stream
    (streamID, channelID, gameID, title, startTime, uptime, ageRestriction, viewerCount)
values
    (null, 4, 1, 'Vestibulum ante ipsum primis in faucibus orci luctus et ultrices posuere cubilia Curae; Duis faucibus accumsan odio. Curabitur convallis. Duis consequat dui nec nisi volutpat eleifend. Donec ut dolor. Morbi vel lectus in quam fringilla rhoncus. Mauris enim leo, rhoncus sed, vestibulum sit amet, cursus id, turpis. Integer aliquet, massa id lobortis convallis, tortor risus dapibus augue, vel accumsan tellus nisi eu orci.', '8:11', '4:27', true, 271);
insert into stream
    (streamID, channelID, gameID, title, startTime, uptime, ageRestriction, viewerCount)
values
    (null, 9, 2, 'Mauris sit amet eros. Suspendisse accumsan tortor quis turpis. Sed ante. Vivamus tortor.', '11:20', '1:16', false, 993);
insert into stream
    (streamID, channelID, gameID, title, startTime, uptime, ageRestriction, viewerCount)
values
    (null, 8, 3, 'Vestibulum ac est lacinia nisi venenatis tristique. Fusce congue, diam id ornare imperdiet, sapien urna pretium nisl, ut volutpat sapien arcu sed augue. Aliquam erat volutpat. In congue. Etiam justo. Etiam pretium iaculis justo. In hac habitasse platea dictumst.', '5:14', '7:29', true, 373);
insert into stream
    (streamID, channelID, gameID, title, startTime, uptime, ageRestriction, viewerCount)
values
    (null, 10, 6, 'Nullam varius. Nulla facilisi. Cras non velit nec nisi vulputate nonummy. Maecenas tincidunt lacus at velit. Vivamus vel nulla eget eros elementum pellentesque.', '21:23', '5:49', false, 535);
insert into stream
    (streamID, channelID, gameID, title, startTime, uptime, ageRestriction, viewerCount)
values
    (null, 7, 2, 'In congue. Etiam justo. Etiam pretium iaculis justo. In hac habitasse platea dictumst.', '5:31', '0:20', true, 838);
insert into stream
    (streamID, channelID, gameID, title, startTime, uptime, ageRestriction, viewerCount)
values
    (null, 4, 8, 'Fusce posuere felis sed lacus. Morbi sem mauris, laoreet ut, rhoncus aliquet, pulvinar sed, nisl. Nunc rhoncus dui vel sem.', '3:57', '5:32', false, 361);
insert into stream
    (streamID, channelID, gameID, title, startTime, uptime, ageRestriction, viewerCount)
values
    (null, 1, 4, 'Morbi vestibulum, velit id pretium iaculis, diam erat fermentum justo, nec condimentum neque sapien placerat ante. Nulla justo. Aliquam quis turpis eget elit sodales scelerisque. Mauris sit amet eros. Suspendisse accumsan tortor quis turpis. Sed ante.', '15:11', '2:01', false, 599);
insert into stream
    (streamID, channelID, gameID, title, startTime, uptime, ageRestriction, viewerCount)
values
    (null, 10, 10, 'In blandit ultrices enim. Lorem ipsum dolor sit amet, consectetuer adipiscing elit. Proin interdum mauris non ligula pellentesque ultrices. Phasellus id sapien in sapien iaculis congue. Vivamus metus arcu, adipiscing molestie, hendrerit at, vulputate vitae, nisl.', '3:15', '5:39', false, 629);
insert into stream
    (streamID, channelID, gameID, title, startTime, uptime, ageRestriction, viewerCount)
values
    (null, 7, 2, 'Lorem ipsum dolor sit amet, consectetuer adipiscing elit. Proin interdum mauris non ligula pellentesque ultrices. Phasellus id sapien in sapien iaculis congue. Vivamus metus arcu, adipiscing molestie, hendrerit at, vulputate vitae, nisl. Aenean lectus. Pellentesque eget nunc. Donec quis orci eget orci vehicula condimentum.', '8:31', '4:37', false, 806);
insert into stream
    (streamID, channelID, gameID, title, startTime, uptime, ageRestriction, viewerCount)
values
    (null, 2, 4, 'Nullam orci pede, venenatis non, sodales sed, tincidunt eu, felis. Fusce posuere felis sed lacus. Morbi sem mauris, laoreet ut, rhoncus aliquet, pulvinar sed, nisl.', '3:11', '0:02', true, 882);
insert into stream
    (streamID, channelID, gameID, title, startTime, uptime, ageRestriction, viewerCount)
values
    (null, 6, 2, 'Sed vel enim sit amet nunc viverra dapibus. Nulla suscipit ligula in lacus. Curabitur at ipsum ac tellus semper interdum. Mauris ullamcorper purus sit amet nulla. Quisque arcu libero, rutrum ac, lobortis vel, dapibus at, diam. Nam tristique tortor eu pede.', '22:42', '1:18', true, 580);
insert into stream
    (streamID, channelID, gameID, title, startTime, uptime, ageRestriction, viewerCount)
values
    (null, 9, 10, 'Cras non velit nec nisi vulputate nonummy. Maecenas tincidunt lacus at velit. Vivamus vel nulla eget eros elementum pellentesque. Quisque porta volutpat erat. Quisque erat eros, viverra eget, congue eget, semper rutrum, nulla.', '14:10', '0:59', false, 979);
insert into stream
    (streamID, channelID, gameID, title, startTime, uptime, ageRestriction, viewerCount)
values
    (null, 1, 9, 'In congue. Etiam justo. Etiam pretium iaculis justo. In hac habitasse platea dictumst.', '15:01', '5:50', true, 573);
insert into stream
    (streamID, channelID, gameID, title, startTime, uptime, ageRestriction, viewerCount)
values
    (null, 4, 6, 'In congue. Etiam justo. Etiam pretium iaculis justo. In hac habitasse platea dictumst. Etiam faucibus cursus urna. Ut tellus.', '14:03', '1:28', false, 719);
insert into stream
    (streamID, channelID, gameID, title, startTime, uptime, ageRestriction, viewerCount)
values
    (null, 6, 2, 'Integer a nibh. In quis justo. Maecenas rhoncus aliquam lacus. Morbi quis tortor id nulla ultrices aliquet. Maecenas leo odio, condimentum id, luctus nec, molestie sed, justo. Pellentesque viverra pede ac diam. Cras pellentesque volutpat dui.', '8:41', '0:15', true, 71);
insert into stream
    (streamID, channelID, gameID, title, startTime, uptime, ageRestriction, viewerCount)
values
    (null, 2, 5, 'Phasellus id sapien in sapien iaculis congue. Vivamus metus arcu, adipiscing molestie, hendrerit at, vulputate vitae, nisl. Aenean lectus. Pellentesque eget nunc. Donec quis orci eget orci vehicula condimentum.', '16:02', '7:24', false, 369);
insert into stream
    (streamID, channelID, gameID, title, startTime, uptime, ageRestriction, viewerCount)
values
    (null, 3, 4, 'Morbi porttitor lorem id ligula. Suspendisse ornare consequat lectus. In est risus, auctor sed, tristique in, tempus sit amet, sem. Fusce consequat.', '1:38', '0:14', false, 356);
insert into stream
    (streamID, channelID, gameID, title, startTime, uptime, ageRestriction, viewerCount)
values
    (null, 7, 6, 'Nullam varius. Nulla facilisi. Cras non velit nec nisi vulputate nonummy. Maecenas tincidunt lacus at velit. Vivamus vel nulla eget eros elementum pellentesque.', '8:18', '1:41', true, 77);
insert into stream
    (streamID, channelID, gameID, title, startTime, uptime, ageRestriction, viewerCount)
values
    (null, 9, 9, 'Quisque id justo sit amet sapien dignissim vestibulum. Vestibulum ante ipsum primis in faucibus orci luctus et ultrices posuere cubilia Curae; Nulla dapibus dolor vel est. Donec odio justo, sollicitudin ut, suscipit a, feugiat et, eros. Vestibulum ac est lacinia nisi venenatis tristique. Fusce congue, diam id ornare imperdiet, sapien urna pretium nisl, ut volutpat sapien arcu sed augue. Aliquam erat volutpat. In congue.', '15:50', '7:01', true, 581);
insert into stream
    (streamID, channelID, gameID, title, startTime, uptime, ageRestriction, viewerCount)
values
    (null, 9, 9, 'Aliquam sit amet diam in magna bibendum imperdiet. Nullam orci pede, venenatis non, sodales sed, tincidunt eu, felis. Fusce posuere felis sed lacus. Morbi sem mauris, laoreet ut, rhoncus aliquet, pulvinar sed, nisl.', '16:58', '7:37', true, 237);
insert into stream
    (streamID, channelID, gameID, title, startTime, uptime, ageRestriction, viewerCount)
values
    (null, 10, 6, 'Duis consequat dui nec nisi volutpat eleifend. Donec ut dolor. Morbi vel lectus in quam fringilla rhoncus. Mauris enim leo, rhoncus sed, vestibulum sit amet, cursus id, turpis. Integer aliquet, massa id lobortis convallis, tortor risus dapibus augue, vel accumsan tellus nisi eu orci.', '17:00', '7:34', false, 292);
insert into stream
    (streamID, channelID, gameID, title, startTime, uptime, ageRestriction, viewerCount)
values
    (null, 9, 8, 'Duis at velit eu est congue elementum. In hac habitasse platea dictumst. Morbi vestibulum, velit id pretium iaculis, diam erat fermentum justo, nec condimentum neque sapien placerat ante. Nulla justo. Aliquam quis turpis eget elit sodales scelerisque. Mauris sit amet eros. Suspendisse accumsan tortor quis turpis.', '7:53', '7:02', true, 193);
insert into stream
    (streamID, channelID, gameID, title, startTime, uptime, ageRestriction, viewerCount)
values
    (null, 7, 9, 'Ut tellus. Nulla ut erat id mauris vulputate elementum. Nullam varius. Nulla facilisi. Cras non velit nec nisi vulputate nonummy. Maecenas tincidunt lacus at velit.', '23:06', '1:32', false, 985);
insert into stream
    (streamID, channelID, gameID, title, startTime, uptime, ageRestriction, viewerCount)
values
    (null, 9, 10, 'Maecenas tincidunt lacus at velit. Vivamus vel nulla eget eros elementum pellentesque. Quisque porta volutpat erat.', '23:31', '5:34', true, 652);
insert into stream
    (streamID, channelID, gameID, title, startTime, uptime, ageRestriction, viewerCount)
values
    (null, 9, 10, 'Suspendisse potenti. Nullam porttitor lacus at turpis. Donec posuere metus vitae ipsum. Aliquam non mauris. Morbi non lectus. Aliquam sit amet diam in magna bibendum imperdiet.', '20:32', '4:15', false, 188);
insert into stream
    (streamID, channelID, gameID, title, startTime, uptime, ageRestriction, viewerCount)
values
    (null, 7, 4, 'Integer non velit. Donec diam neque, vestibulum eget, vulputate ut, ultrices vel, augue. Vestibulum ante ipsum primis in faucibus orci luctus et ultrices posuere cubilia Curae; Donec pharetra, magna vestibulum aliquet ultrices, erat tortor sollicitudin mi, sit amet lobortis sapien sapien non mi. Integer ac neque. Duis bibendum. Morbi non quam nec dui luctus rutrum. Nulla tellus.', '20:50', '7:39', false, 891);
insert into stream
    (streamID, channelID, gameID, title, startTime, uptime, ageRestriction, viewerCount)
values
    (null, 7, 10, 'Proin risus. Praesent lectus. Vestibulum quam sapien, varius ut, blandit non, interdum in, ante. Vestibulum ante ipsum primis in faucibus orci luctus et ultrices posuere cubilia Curae; Duis faucibus accumsan odio. Curabitur convallis. Duis consequat dui nec nisi volutpat eleifend. Donec ut dolor.', '22:02', '3:15', false, 238);
insert into stream
    (streamID, channelID, gameID, title, startTime, uptime, ageRestriction, viewerCount)
values
    (null, 5, 2, 'Proin leo odio, porttitor id, consequat in, consequat ut, nulla. Sed accumsan felis. Ut at dolor quis odio consequat varius. Integer ac leo. Pellentesque ultrices mattis odio.', '6:25', '3:21', false, 600);
insert into stream
    (streamID, channelID, gameID, title, startTime, uptime, ageRestriction, viewerCount)
values
    (null, 2, 6, 'Praesent blandit lacinia erat. Vestibulum sed magna at nunc commodo placerat. Praesent blandit. Nam nulla. Integer pede justo, lacinia eget, tincidunt eget, tempus vel, pede. Morbi porttitor lorem id ligula. Suspendisse ornare consequat lectus.', '21:01', '4:32', true, 666);
insert into stream
    (streamID, channelID, gameID, title, startTime, uptime, ageRestriction, viewerCount)
values
    (null, 8, 2, 'Mauris sit amet eros. Suspendisse accumsan tortor quis turpis. Sed ante.', '17:32', '7:45', true, 58);
insert into stream
    (streamID, channelID, gameID, title, startTime, uptime, ageRestriction, viewerCount)
values
    (null, 4, 9, 'Nulla ac enim. In tempor, turpis nec euismod scelerisque, quam turpis adipiscing lorem, vitae mattis nibh ligula nec sem. Duis aliquam convallis nunc. Proin at turpis a pede posuere nonummy. Integer non velit. Donec diam neque, vestibulum eget, vulputate ut, ultrices vel, augue. Vestibulum ante ipsum primis in faucibus orci luctus et ultrices posuere cubilia Curae; Donec pharetra, magna vestibulum aliquet ultrices, erat tortor sollicitudin mi, sit amet lobortis sapien sapien non mi.', '14:51', '7:04', true, 909);
insert into stream
    (streamID, channelID, gameID, title, startTime, uptime, ageRestriction, viewerCount)
values
    (null, 9, 3, 'Vivamus metus arcu, adipiscing molestie, hendrerit at, vulputate vitae, nisl. Aenean lectus. Pellentesque eget nunc. Donec quis orci eget orci vehicula condimentum.', '5:34', '7:08', false, 621);
insert into stream
    (streamID, channelID, gameID, title, startTime, uptime, ageRestriction, viewerCount)
values
    (null, 4, 5, 'Integer aliquet, massa id lobortis convallis, tortor risus dapibus augue, vel accumsan tellus nisi eu orci. Mauris lacinia sapien quis libero. Nullam sit amet turpis elementum ligula vehicula consequat. Morbi a ipsum. Integer a nibh. In quis justo.', '12:32', '5:51', true, 159);
insert into stream
    (streamID, channelID, gameID, title, startTime, uptime, ageRestriction, viewerCount)
values
    (null, 8, 7, 'Integer a nibh. In quis justo. Maecenas rhoncus aliquam lacus. Morbi quis tortor id nulla ultrices aliquet. Maecenas leo odio, condimentum id, luctus nec, molestie sed, justo. Pellentesque viverra pede ac diam. Cras pellentesque volutpat dui.', '8:03', '1:46', true, 515);
insert into stream
    (streamID, channelID, gameID, title, startTime, uptime, ageRestriction, viewerCount)
values
    (null, 7, 1, 'Sed accumsan felis. Ut at dolor quis odio consequat varius. Integer ac leo. Pellentesque ultrices mattis odio. Donec vitae nisi. Nam ultrices, libero non mattis pulvinar, nulla pede ullamcorper augue, a suscipit nulla elit ac nulla. Sed vel enim sit amet nunc viverra dapibus.', '15:58', '3:57', true, 790);
insert into stream
    (streamID, channelID, gameID, title, startTime, uptime, ageRestriction, viewerCount)
values
    (null, 4, 5, 'Donec diam neque, vestibulum eget, vulputate ut, ultrices vel, augue. Vestibulum ante ipsum primis in faucibus orci luctus et ultrices posuere cubilia Curae; Donec pharetra, magna vestibulum aliquet ultrices, erat tortor sollicitudin mi, sit amet lobortis sapien sapien non mi. Integer ac neque. Duis bibendum.', '21:34', '0:57', true, 670);
insert into stream
    (streamID, channelID, gameID, title, startTime, uptime, ageRestriction, viewerCount)
values
    (null, 8, 6, 'Maecenas leo odio, condimentum id, luctus nec, molestie sed, justo. Pellentesque viverra pede ac diam. Cras pellentesque volutpat dui. Maecenas tristique, est et tempus semper, est quam pharetra magna, ac consequat metus sapien ut nunc.', '8:47', '6:59', false, 133);
insert into stream
    (streamID, channelID, gameID, title, startTime, uptime, ageRestriction, viewerCount)
values
    (null, 8, 6, 'Fusce posuere felis sed lacus. Morbi sem mauris, laoreet ut, rhoncus aliquet, pulvinar sed, nisl. Nunc rhoncus dui vel sem. Sed sagittis.', '16:09', '6:31', true, 359);
insert into stream
    (streamID, channelID, gameID, title, startTime, uptime, ageRestriction, viewerCount)
values
    (null, 3, 5, 'Morbi quis tortor id nulla ultrices aliquet. Maecenas leo odio, condimentum id, luctus nec, molestie sed, justo. Pellentesque viverra pede ac diam. Cras pellentesque volutpat dui. Maecenas tristique, est et tempus semper, est quam pharetra magna, ac consequat metus sapien ut nunc.', '15:14', '2:29', true, 181);
insert into stream
    (streamID, channelID, gameID, title, startTime, uptime, ageRestriction, viewerCount)
values
    (null, 6, 7, 'Sed ante. Vivamus tortor. Duis mattis egestas metus. Aenean fermentum. Donec ut mauris eget massa tempor convallis. Nulla neque libero, convallis eget, eleifend luctus, ultricies eu, nibh.', '7:37', '6:18', true, 945);
insert into stream
    (streamID, channelID, gameID, title, startTime, uptime, ageRestriction, viewerCount)
values
    (null, 10, 6, 'Duis consequat dui nec nisi volutpat eleifend. Donec ut dolor. Morbi vel lectus in quam fringilla rhoncus.', '16:20', '7:54', false, 977);
insert into stream
    (streamID, channelID, gameID, title, startTime, uptime, ageRestriction, viewerCount)
values
    (null, 9, 7, 'Nam ultrices, libero non mattis pulvinar, nulla pede ullamcorper augue, a suscipit nulla elit ac nulla. Sed vel enim sit amet nunc viverra dapibus. Nulla suscipit ligula in lacus. Curabitur at ipsum ac tellus semper interdum. Mauris ullamcorper purus sit amet nulla.', '22:00', '0:58', true, 389);
insert into stream
    (streamID, channelID, gameID, title, startTime, uptime, ageRestriction, viewerCount)
values
    (null, 3, 2, 'Nulla neque libero, convallis eget, eleifend luctus, ultricies eu, nibh. Quisque id justo sit amet sapien dignissim vestibulum. Vestibulum ante ipsum primis in faucibus orci luctus et ultrices posuere cubilia Curae; Nulla dapibus dolor vel est.', '2:12', '1:57', false, 344);
insert into stream
    (streamID, channelID, gameID, title, startTime, uptime, ageRestriction, viewerCount)
values
    (null, 6, 2, 'Morbi ut odio. Cras mi pede, malesuada in, imperdiet et, commodo vulputate, justo. In blandit ultrices enim. Lorem ipsum dolor sit amet, consectetuer adipiscing elit. Proin interdum mauris non ligula pellentesque ultrices.', '19:11', '3:11', false, 353);
insert into stream
    (streamID, channelID, gameID, title, startTime, uptime, ageRestriction, viewerCount)
values
    (null, 9, 5, 'Suspendisse potenti. Cras in purus eu magna vulputate luctus. Cum sociis natoque penatibus et magnis dis parturient montes, nascetur ridiculus mus. Vivamus vestibulum sagittis sapien.', '4:20', '0:03', true, 497);
insert into stream
    (streamID, channelID, gameID, title, startTime, uptime, ageRestriction, viewerCount)
values
    (null, 3, 5, 'Maecenas ut massa quis augue luctus tincidunt. Nulla mollis molestie lorem. Quisque ut erat.', '12:50', '1:48', true, 732);
insert into stream
    (streamID, channelID, gameID, title, startTime, uptime, ageRestriction, viewerCount)
values
    (null, 1, 1, 'Morbi non lectus. Aliquam sit amet diam in magna bibendum imperdiet. Nullam orci pede, venenatis non, sodales sed, tincidunt eu, felis. Fusce posuere felis sed lacus. Morbi sem mauris, laoreet ut, rhoncus aliquet, pulvinar sed, nisl. Nunc rhoncus dui vel sem.', '15:14', '7:02', true, 357);
insert into stream
    (streamID, channelID, gameID, title, startTime, uptime, ageRestriction, viewerCount)
values
    (null, 9, 10, 'Nulla neque libero, convallis eget, eleifend luctus, ultricies eu, nibh. Quisque id justo sit amet sapien dignissim vestibulum. Vestibulum ante ipsum primis in faucibus orci luctus et ultrices posuere cubilia Curae; Nulla dapibus dolor vel est.', '5:35', '5:20', false, 386);
insert into stream
    (streamID, channelID, gameID, title, startTime, uptime, ageRestriction, viewerCount)
values
    (null, 5, 3, 'Morbi vel lectus in quam fringilla rhoncus. Mauris enim leo, rhoncus sed, vestibulum sit amet, cursus id, turpis. Integer aliquet, massa id lobortis convallis, tortor risus dapibus augue, vel accumsan tellus nisi eu orci. Mauris lacinia sapien quis libero.', '19:39', '7:27', true, 304);
insert into stream
    (streamID, channelID, gameID, title, startTime, uptime, ageRestriction, viewerCount)
values
    (null, 5, 8, 'Nam nulla. Integer pede justo, lacinia eget, tincidunt eget, tempus vel, pede. Morbi porttitor lorem id ligula. Suspendisse ornare consequat lectus. In est risus, auctor sed, tristique in, tempus sit amet, sem. Fusce consequat. Nulla nisl.', '0:13', '2:40', false, 293);
insert into stream
    (streamID, channelID, gameID, title, startTime, uptime, ageRestriction, viewerCount)
values
    (null, 5, 9, 'In hac habitasse platea dictumst. Maecenas ut massa quis augue luctus tincidunt. Nulla mollis molestie lorem. Quisque ut erat. Curabitur gravida nisi at nibh. In hac habitasse platea dictumst. Aliquam augue quam, sollicitudin vitae, consectetuer eget, rutrum at, lorem.', '20:23', '6:48', false, 45);
insert into stream
    (streamID, channelID, gameID, title, startTime, uptime, ageRestriction, viewerCount)
values
    (null, 1, 1, 'Nam congue, risus semper porta volutpat, quam pede lobortis ligula, sit amet eleifend pede libero quis orci. Nullam molestie nibh in lectus. Pellentesque at nulla. Suspendisse potenti. Cras in purus eu magna vulputate luctus.', '12:12', '7:23', false, 480);
insert into stream
    (streamID, channelID, gameID, title, startTime, uptime, ageRestriction, viewerCount)
values
    (null, 3, 5, 'Vivamus vestibulum sagittis sapien. Cum sociis natoque penatibus et magnis dis parturient montes, nascetur ridiculus mus. Etiam vel augue.', '3:03', '1:09', true, 492);
insert into stream
    (streamID, channelID, gameID, title, startTime, uptime, ageRestriction, viewerCount)
values
    (null, 2, 7, 'Aliquam non mauris. Morbi non lectus. Aliquam sit amet diam in magna bibendum imperdiet.', '15:30', '4:40', false, 552);
insert into stream
    (streamID, channelID, gameID, title, startTime, uptime, ageRestriction, viewerCount)
values
    (null, 9, 4, 'Cum sociis natoque penatibus et magnis dis parturient montes, nascetur ridiculus mus. Vivamus vestibulum sagittis sapien. Cum sociis natoque penatibus et magnis dis parturient montes, nascetur ridiculus mus. Etiam vel augue. Vestibulum rutrum rutrum neque. Aenean auctor gravida sem.', '19:32', '3:34', false, 124);
insert into stream
    (streamID, channelID, gameID, title, startTime, uptime, ageRestriction, viewerCount)
values
    (null, 4, 2, 'Aliquam augue quam, sollicitudin vitae, consectetuer eget, rutrum at, lorem. Integer tincidunt ante vel ipsum. Praesent blandit lacinia erat. Vestibulum sed magna at nunc commodo placerat. Praesent blandit. Nam nulla.', '6:42', '0:55', false, 189);
insert into stream
    (streamID, channelID, gameID, title, startTime, uptime, ageRestriction, viewerCount)
values
    (null, 8, 2, 'Donec diam neque, vestibulum eget, vulputate ut, ultrices vel, augue. Vestibulum ante ipsum primis in faucibus orci luctus et ultrices posuere cubilia Curae; Donec pharetra, magna vestibulum aliquet ultrices, erat tortor sollicitudin mi, sit amet lobortis sapien sapien non mi. Integer ac neque.', '3:31', '1:12', true, 307);
insert into stream
    (streamID, channelID, gameID, title, startTime, uptime, ageRestriction, viewerCount)
values
    (null, 3, 1, 'Aenean lectus. Pellentesque eget nunc. Donec quis orci eget orci vehicula condimentum.', '16:25', '0:39', true, 717);
insert into stream
    (streamID, channelID, gameID, title, startTime, uptime, ageRestriction, viewerCount)
values
    (null, 6, 3, 'Sed sagittis. Nam congue, risus semper porta volutpat, quam pede lobortis ligula, sit amet eleifend pede libero quis orci. Nullam molestie nibh in lectus. Pellentesque at nulla. Suspendisse potenti. Cras in purus eu magna vulputate luctus. Cum sociis natoque penatibus et magnis dis parturient montes, nascetur ridiculus mus.', '6:04', '7:18', true, 688);
insert into stream
    (streamID, channelID, gameID, title, startTime, uptime, ageRestriction, viewerCount)
values
    (null, 9, 9, 'Vivamus vestibulum sagittis sapien. Cum sociis natoque penatibus et magnis dis parturient montes, nascetur ridiculus mus. Etiam vel augue. Vestibulum rutrum rutrum neque. Aenean auctor gravida sem.', '5:40', '3:19', true, 389);
insert into stream
    (streamID, channelID, gameID, title, startTime, uptime, ageRestriction, viewerCount)
values
    (null, 2, 7, 'Nam nulla. Integer pede justo, lacinia eget, tincidunt eget, tempus vel, pede. Morbi porttitor lorem id ligula. Suspendisse ornare consequat lectus.', '6:42', '5:36', false, 981);
insert into stream
    (streamID, channelID, gameID, title, startTime, uptime, ageRestriction, viewerCount)
values
    (null, 9, 5, 'Proin interdum mauris non ligula pellentesque ultrices. Phasellus id sapien in sapien iaculis congue. Vivamus metus arcu, adipiscing molestie, hendrerit at, vulputate vitae, nisl. Aenean lectus. Pellentesque eget nunc. Donec quis orci eget orci vehicula condimentum.', '19:04', '3:43', false, 569);
insert into stream
    (streamID, channelID, gameID, title, startTime, uptime, ageRestriction, viewerCount)
values
    (null, 9, 7, 'Morbi vel lectus in quam fringilla rhoncus. Mauris enim leo, rhoncus sed, vestibulum sit amet, cursus id, turpis. Integer aliquet, massa id lobortis convallis, tortor risus dapibus augue, vel accumsan tellus nisi eu orci. Mauris lacinia sapien quis libero. Nullam sit amet turpis elementum ligula vehicula consequat.', '6:51', '4:20', false, 709);
insert into stream
    (streamID, channelID, gameID, title, startTime, uptime, ageRestriction, viewerCount)
values
    (null, 2, 10, 'In hac habitasse platea dictumst. Etiam faucibus cursus urna. Ut tellus. Nulla ut erat id mauris vulputate elementum. Nullam varius.', '21:21', '7:35', true, 114);
insert into stream
    (streamID, channelID, gameID, title, startTime, uptime, ageRestriction, viewerCount)
values
    (null, 1, 4, 'Cras non velit nec nisi vulputate nonummy. Maecenas tincidunt lacus at velit. Vivamus vel nulla eget eros elementum pellentesque. Quisque porta volutpat erat.', '5:30', '3:56', false, 695);
insert into stream
    (streamID, channelID, gameID, title, startTime, uptime, ageRestriction, viewerCount)
values
    (null, 7, 3, 'Curabitur in libero ut massa volutpat convallis. Morbi odio odio, elementum eu, interdum eu, tincidunt in, leo. Maecenas pulvinar lobortis est.', '2:44', '0:14', false, 850);
insert into stream
    (streamID, channelID, gameID, title, startTime, uptime, ageRestriction, viewerCount)
values
    (null, 9, 6, 'Morbi a ipsum. Integer a nibh. In quis justo.', '7:14', '0:44', false, 976);
insert into stream
    (streamID, channelID, gameID, title, startTime, uptime, ageRestriction, viewerCount)
values
    (null, 4, 6, 'Morbi non quam nec dui luctus rutrum. Nulla tellus. In sagittis dui vel nisl. Duis ac nibh.', '4:27', '4:00', false, 235);
insert into stream
    (streamID, channelID, gameID, title, startTime, uptime, ageRestriction, viewerCount)
values
    (null, 9, 10, 'Etiam justo. Etiam pretium iaculis justo. In hac habitasse platea dictumst. Etiam faucibus cursus urna. Ut tellus. Nulla ut erat id mauris vulputate elementum. Nullam varius.', '13:56', '5:50', true, 520);
insert into stream
    (streamID, channelID, gameID, title, startTime, uptime, ageRestriction, viewerCount)
values
    (null, 10, 8, 'Etiam vel augue. Vestibulum rutrum rutrum neque. Aenean auctor gravida sem. Praesent id massa id nisl venenatis lacinia.', '20:37', '0:57', true, 883);
insert into stream
    (streamID, channelID, gameID, title, startTime, uptime, ageRestriction, viewerCount)
values
    (null, 1, 7, 'Nam nulla. Integer pede justo, lacinia eget, tincidunt eget, tempus vel, pede. Morbi porttitor lorem id ligula. Suspendisse ornare consequat lectus. In est risus, auctor sed, tristique in, tempus sit amet, sem.', '1:36', '5:43', false, 318);
insert into stream
    (streamID, channelID, gameID, title, startTime, uptime, ageRestriction, viewerCount)
values
    (null, 7, 10, 'Proin at turpis a pede posuere nonummy. Integer non velit. Donec diam neque, vestibulum eget, vulputate ut, ultrices vel, augue. Vestibulum ante ipsum primis in faucibus orci luctus et ultrices posuere cubilia Curae; Donec pharetra, magna vestibulum aliquet ultrices, erat tortor sollicitudin mi, sit amet lobortis sapien sapien non mi. Integer ac neque.', '1:24', '0:00', true, 257);
insert into stream
    (streamID, channelID, gameID, title, startTime, uptime, ageRestriction, viewerCount)
values
    (null, 7, 8, 'Phasellus sit amet erat. Nulla tempus. Vivamus in felis eu sapien cursus vestibulum. Proin eu mi. Nulla ac enim. In tempor, turpis nec euismod scelerisque, quam turpis adipiscing lorem, vitae mattis nibh ligula nec sem. Duis aliquam convallis nunc.', '13:17', '4:19', false, 186);
insert into stream
    (streamID, channelID, gameID, title, startTime, uptime, ageRestriction, viewerCount)
values
    (null, 9, 5, 'Vestibulum rutrum rutrum neque. Aenean auctor gravida sem. Praesent id massa id nisl venenatis lacinia.', '2:29', '6:38', true, 81);
insert into stream
    (streamID, channelID, gameID, title, startTime, uptime, ageRestriction, viewerCount)
values
    (null, 5, 2, 'Sed accumsan felis. Ut at dolor quis odio consequat varius. Integer ac leo. Pellentesque ultrices mattis odio. Donec vitae nisi. Nam ultrices, libero non mattis pulvinar, nulla pede ullamcorper augue, a suscipit nulla elit ac nulla. Sed vel enim sit amet nunc viverra dapibus.', '16:47', '7:53', false, 96);
insert into stream
    (streamID, channelID, gameID, title, startTime, uptime, ageRestriction, viewerCount)
values
    (null, 9, 4, 'Maecenas tristique, est et tempus semper, est quam pharetra magna, ac consequat metus sapien ut nunc. Vestibulum ante ipsum primis in faucibus orci luctus et ultrices posuere cubilia Curae; Mauris viverra diam vitae quam. Suspendisse potenti. Nullam porttitor lacus at turpis. Donec posuere metus vitae ipsum.', '9:39', '3:39', false, 279);
insert into stream
    (streamID, channelID, gameID, title, startTime, uptime, ageRestriction, viewerCount)
values
    (null, 10, 2, 'Praesent blandit. Nam nulla. Integer pede justo, lacinia eget, tincidunt eget, tempus vel, pede. Morbi porttitor lorem id ligula. Suspendisse ornare consequat lectus.', '5:10', '2:14', false, 142);
insert into stream
    (streamID, channelID, gameID, title, startTime, uptime, ageRestriction, viewerCount)
values
    (null, 4, 9, 'Integer a nibh. In quis justo. Maecenas rhoncus aliquam lacus. Morbi quis tortor id nulla ultrices aliquet.', '17:19', '5:28', true, 706);
insert into stream
    (streamID, channelID, gameID, title, startTime, uptime, ageRestriction, viewerCount)
values
    (null, 10, 8, 'Nunc nisl. Duis bibendum, felis sed interdum venenatis, turpis enim blandit mi, in porttitor pede justo eu massa. Donec dapibus. Duis at velit eu est congue elementum. In hac habitasse platea dictumst. Morbi vestibulum, velit id pretium iaculis, diam erat fermentum justo, nec condimentum neque sapien placerat ante. Nulla justo.', '18:41', '6:53', false, 290);
insert into stream
    (streamID, channelID, gameID, title, startTime, uptime, ageRestriction, viewerCount)
values
    (null, 6, 7, 'In hac habitasse platea dictumst. Aliquam augue quam, sollicitudin vitae, consectetuer eget, rutrum at, lorem. Integer tincidunt ante vel ipsum. Praesent blandit lacinia erat. Vestibulum sed magna at nunc commodo placerat. Praesent blandit.', '5:22', '2:05', false, 66);
insert into stream
    (streamID, channelID, gameID, title, startTime, uptime, ageRestriction, viewerCount)
values
    (null, 8, 8, 'Integer a nibh. In quis justo. Maecenas rhoncus aliquam lacus. Morbi quis tortor id nulla ultrices aliquet. Maecenas leo odio, condimentum id, luctus nec, molestie sed, justo. Pellentesque viverra pede ac diam.', '17:54', '6:31', true, 267);
insert into stream
    (streamID, channelID, gameID, title, startTime, uptime, ageRestriction, viewerCount)
values
    (null, 2, 5, 'Mauris sit amet eros. Suspendisse accumsan tortor quis turpis. Sed ante.', '10:29', '5:53', true, 544);
insert into stream
    (streamID, channelID, gameID, title, startTime, uptime, ageRestriction, viewerCount)
values
    (null, 1, 4, 'Praesent id massa id nisl venenatis lacinia. Aenean sit amet justo. Morbi ut odio. Cras mi pede, malesuada in, imperdiet et, commodo vulputate, justo. In blandit ultrices enim. Lorem ipsum dolor sit amet, consectetuer adipiscing elit. Proin interdum mauris non ligula pellentesque ultrices.', '17:08', '5:20', false, 209);
insert into stream
    (streamID, channelID, gameID, title, startTime, uptime, ageRestriction, viewerCount)
values
    (null, 1, 8, 'Maecenas ut massa quis augue luctus tincidunt. Nulla mollis molestie lorem. Quisque ut erat. Curabitur gravida nisi at nibh. In hac habitasse platea dictumst. Aliquam augue quam, sollicitudin vitae, consectetuer eget, rutrum at, lorem. Integer tincidunt ante vel ipsum.', '1:08', '3:48', false, 924);
insert into stream
    (streamID, channelID, gameID, title, startTime, uptime, ageRestriction, viewerCount)
values
    (null, 3, 4, 'Cum sociis natoque penatibus et magnis dis parturient montes, nascetur ridiculus mus. Etiam vel augue. Vestibulum rutrum rutrum neque. Aenean auctor gravida sem. Praesent id massa id nisl venenatis lacinia. Aenean sit amet justo. Morbi ut odio.', '18:03', '1:00', false, 499);
insert into stream
    (streamID, channelID, gameID, title, startTime, uptime, ageRestriction, viewerCount)
values
    (null, 1, 4, 'Integer aliquet, massa id lobortis convallis, tortor risus dapibus augue, vel accumsan tellus nisi eu orci. Mauris lacinia sapien quis libero. Nullam sit amet turpis elementum ligula vehicula consequat. Morbi a ipsum. Integer a nibh. In quis justo.', '23:53', '6:28', true, 529);
insert into stream
    (streamID, channelID, gameID, title, startTime, uptime, ageRestriction, viewerCount)
values
    (null, 10, 5, 'Aenean sit amet justo. Morbi ut odio. Cras mi pede, malesuada in, imperdiet et, commodo vulputate, justo. In blandit ultrices enim. Lorem ipsum dolor sit amet, consectetuer adipiscing elit.', '21:48', '6:44', false, 444);
insert into stream
    (streamID, channelID, gameID, title, startTime, uptime, ageRestriction, viewerCount)
values
    (null, 4, 8, 'Integer tincidunt ante vel ipsum. Praesent blandit lacinia erat. Vestibulum sed magna at nunc commodo placerat. Praesent blandit. Nam nulla.', '20:45', '5:30', true, 88);
insert into stream
    (streamID, channelID, gameID, title, startTime, uptime, ageRestriction, viewerCount)
values
    (null, 2, 9, 'Cum sociis natoque penatibus et magnis dis parturient montes, nascetur ridiculus mus. Etiam vel augue. Vestibulum rutrum rutrum neque. Aenean auctor gravida sem. Praesent id massa id nisl venenatis lacinia.', '2:48', '6:32', true, 799);
insert into stream
    (streamID, channelID, gameID, title, startTime, uptime, ageRestriction, viewerCount)
values
    (null, 2, 9, 'Aenean auctor gravida sem. Praesent id massa id nisl venenatis lacinia. Aenean sit amet justo. Morbi ut odio.', '13:58', '6:50', false, 598);

-- Table: watches

insert into watches
    (id, userID, streamID)
values
    (null, 16, 3);
insert into watches
    (id, userID, streamID)
values
    (null, 46, 3);
insert into watches
    (id, userID, streamID)
values
    (null, 22, 4);
insert into watches
    (id, userID, streamID)
values
    (null, 2, 3);
insert into watches
    (id, userID, streamID)
values
    (null, 43, 2);
insert into watches
    (id, userID, streamID)
values
    (null, 26, 8);
insert into watches
    (id, userID, streamID)
values
    (null, 10, 5);
insert into watches
    (id, userID, streamID)
values
    (null, 37, 2);
insert into watches
    (id, userID, streamID)
values
    (null, 32, 2);
insert into watches
    (id, userID, streamID)
values
    (null, 56, 5);
insert into watches
    (id, userID, streamID)
values
    (null, 35, 6);
insert into watches
    (id, userID, streamID)
values
    (null, 33, 8);
insert into watches
    (id, userID, streamID)
values
    (null, 15, 9);
insert into watches
    (id, userID, streamID)
values
    (null, 7, 7);
insert into watches
    (id, userID, streamID)
values
    (null, 51, 8);
insert into watches
    (id, userID, streamID)
values
    (null, 24, 2);
insert into watches
    (id, userID, streamID)
values
    (null, 34, 7);
insert into watches
    (id, userID, streamID)
values
    (null, 53, 4);
insert into watches
    (id, userID, streamID)
values
    (null, 52, 2);
insert into watches
    (id, userID, streamID)
values
    (null, 19, 9);
insert into watches
    (id, userID, streamID)
values
    (null, 19, 4);
insert into watches
    (id, userID, streamID)
values
    (null, 9, 5);
insert into watches
    (id, userID, streamID)
values
    (null, 43, 7);
insert into watches
    (id, userID, streamID)
values
    (null, 16, 3);
insert into watches
    (id, userID, streamID)
values
    (null, 52, 1);
insert into watches
    (id, userID, streamID)
values
    (null, 52, 7);
insert into watches
    (id, userID, streamID)
values
    (null, 51, 3);
insert into watches
    (id, userID, streamID)
values
    (null, 45, 5);
insert into watches
    (id, userID, streamID)
values
    (null, 3, 7);
insert into watches
    (id, userID, streamID)
values
    (null, 44, 9);
insert into watches
    (id, userID, streamID)
values
    (null, 28, 7);
insert into watches
    (id, userID, streamID)
values
    (null, 44, 1);
insert into watches
    (id, userID, streamID)
values
    (null, 20, 5);
insert into watches
    (id, userID, streamID)
values
    (null, 28, 10);
insert into watches
    (id, userID, streamID)
values
    (null, 54, 9);
insert into watches
    (id, userID, streamID)
values
    (null, 44, 5);
insert into watches
    (id, userID, streamID)
values
    (null, 27, 8);
insert into watches
    (id, userID, streamID)
values
    (null, 21, 2);
insert into watches
    (id, userID, streamID)
values
    (null, 21, 5);
insert into watches
    (id, userID, streamID)
values
    (null, 16, 2);
insert into watches
    (id, userID, streamID)
values
    (null, 11, 4);
insert into watches
    (id, userID, streamID)
values
    (null, 41, 1);
insert into watches
    (id, userID, streamID)
values
    (null, 59, 3);
insert into watches
    (id, userID, streamID)
values
    (null, 30, 1);
insert into watches
    (id, userID, streamID)
values
    (null, 35, 2);
insert into watches
    (id, userID, streamID)
values
    (null, 38, 9);
insert into watches
    (id, userID, streamID)
values
    (null, 42, 1);
insert into watches
    (id, userID, streamID)
values
    (null, 1, 4);
insert into watches
    (id, userID, streamID)
values
    (null, 56, 10);
insert into watches
    (id, userID, streamID)
values
    (null, 2, 5);
insert into watches
    (id, userID, streamID)
values
    (null, 52, 7);
insert into watches
    (id, userID, streamID)
values
    (null, 22, 8);
insert into watches
    (id, userID, streamID)
values
    (null, 1, 8);
insert into watches
    (id, userID, streamID)
values
    (null, 3, 2);
insert into watches
    (id, userID, streamID)
values
    (null, 51, 7);
insert into watches
    (id, userID, streamID)
values
    (null, 41, 1);
insert into watches
    (id, userID, streamID)
values
    (null, 12, 3);
insert into watches
    (id, userID, streamID)
values
    (null, 59, 4);
insert into watches
    (id, userID, streamID)
values
    (null, 1, 9);
insert into watches
    (id, userID, streamID)
values
    (null, 47, 10);
insert into watches
    (id, userID, streamID)
values
    (null, 19, 7);
insert into watches
    (id, userID, streamID)
values
    (null, 23, 2);
insert into watches
    (id, userID, streamID)
values
    (null, 49, 8);
insert into watches
    (id, userID, streamID)
values
    (null, 18, 4);
insert into watches
    (id, userID, streamID)
values
    (null, 33, 6);
insert into watches
    (id, userID, streamID)
values
    (null, 22, 5);
insert into watches
    (id, userID, streamID)
values
    (null, 8, 3);
insert into watches
    (id, userID, streamID)
values
    (null, 30, 10);
insert into watches
    (id, userID, streamID)
values
    (null, 9, 5);
insert into watches
    (id, userID, streamID)
values
    (null, 36, 9);
insert into watches
    (id, userID, streamID)
values
    (null, 53, 8);
insert into watches
    (id, userID, streamID)
values
    (null, 38, 3);
insert into watches
    (id, userID, streamID)
values
    (null, 39, 1);
insert into watches
    (id, userID, streamID)
values
    (null, 48, 2);
insert into watches
    (id, userID, streamID)
values
    (null, 27, 6);
insert into watches
    (id, userID, streamID)
values
    (null, 1, 10);
insert into watches
    (id, userID, streamID)
values
    (null, 44, 3);
insert into watches
    (id, userID, streamID)
values
    (null, 7, 5);
insert into watches
    (id, userID, streamID)
values
    (null, 45, 3);
insert into watches
    (id, userID, streamID)
values
    (null, 51, 3);
insert into watches
    (id, userID, streamID)
values
    (null, 31, 9);
insert into watches
    (id, userID, streamID)
values
    (null, 16, 2);
insert into watches
    (id, userID, streamID)
values
    (null, 26, 1);
insert into watches
    (id, userID, streamID)
values
    (null, 5, 8);
insert into watches
    (id, userID, streamID)
values
    (null, 60, 8);
insert into watches
    (id, userID, streamID)
values
    (null, 32, 4);
insert into watches
    (id, userID, streamID)
values
    (null, 21, 5);
insert into watches
    (id, userID, streamID)
values
    (null, 39, 4);
insert into watches
    (id, userID, streamID)
values
    (null, 36, 1);
insert into watches
    (id, userID, streamID)
values
    (null, 31, 1);
insert into watches
    (id, userID, streamID)
values
    (null, 51, 1);
insert into watches
    (id, userID, streamID)
values
    (null, 3, 3);
insert into watches
    (id, userID, streamID)
values
    (null, 20, 5);
insert into watches
    (id, userID, streamID)
values
    (null, 33, 6);
insert into watches
    (id, userID, streamID)
values
    (null, 18, 5);
insert into watches
    (id, userID, streamID)
values
    (null, 59, 5);
insert into watches
    (id, userID, streamID)
values
    (null, 28, 1);
insert into watches
    (id, userID, streamID)
values
    (null, 4, 10);
insert into watches
    (id, userID, streamID)
values
    (null, 40, 6);
insert into watches
    (id, userID, streamID)
values
    (null, 39, 4);
insert into watches
    (id, userID, streamID)
values
    (null, 7, 2);
insert into watches
    (id, userID, streamID)
values
    (null, 40, 10);
insert into watches
    (id, userID, streamID)
values
    (null, 34, 6);
insert into watches
    (id, userID, streamID)
values
    (null, 10, 1);
insert into watches
    (id, userID, streamID)
values
    (null, 59, 4);
insert into watches
    (id, userID, streamID)
values
    (null, 17, 7);
insert into watches
    (id, userID, streamID)
values
    (null, 13, 7);
insert into watches
    (id, userID, streamID)
values
    (null, 23, 8);
insert into watches
    (id, userID, streamID)
values
    (null, 35, 10);
insert into watches
    (id, userID, streamID)
values
    (null, 4, 8);
insert into watches
    (id, userID, streamID)
values
    (null, 14, 3);
insert into watches
    (id, userID, streamID)
values
    (null, 56, 9);
insert into watches
    (id, userID, streamID)
values
    (null, 58, 4);
insert into watches
    (id, userID, streamID)
values
    (null, 26, 1);
insert into watches
    (id, userID, streamID)
values
    (null, 12, 10);
insert into watches
    (id, userID, streamID)
values
    (null, 26, 1);
insert into watches
    (id, userID, streamID)
values
    (null, 45, 1);
insert into watches
    (id, userID, streamID)
values
    (null, 14, 10);
insert into watches
    (id, userID, streamID)
values
    (null, 55, 1);
insert into watches
    (id, userID, streamID)
values
    (null, 18, 10);
insert into watches
    (id, userID, streamID)
values
    (null, 24, 5);
insert into watches
    (id, userID, streamID)
values
    (null, 2, 2);
insert into watches
    (id, userID, streamID)
values
    (null, 27, 7);
insert into watches
    (id, userID, streamID)
values
    (null, 23, 9);
insert into watches
    (id, userID, streamID)
values
    (null, 42, 6);
insert into watches
    (id, userID, streamID)
values
    (null, 22, 10);
insert into watches
    (id, userID, streamID)
values
    (null, 5, 4);
insert into watches
    (id, userID, streamID)
values
    (null, 57, 3);
insert into watches
    (id, userID, streamID)
values
    (null, 1, 8);
insert into watches
    (id, userID, streamID)
values
    (null, 49, 8);
insert into watches
    (id, userID, streamID)
values
    (null, 47, 8);
insert into watches
    (id, userID, streamID)
values
    (null, 12, 9);
insert into watches
    (id, userID, streamID)
values
    (null, 1, 7);
insert into watches
    (id, userID, streamID)
values
    (null, 8, 10);
insert into watches
    (id, userID, streamID)
values
    (null, 40, 5);
insert into watches
    (id, userID, streamID)
values
    (null, 32, 7);
insert into watches
    (id, userID, streamID)
values
    (null, 4, 4);
insert into watches
    (id, userID, streamID)
values
    (null, 44, 8);
insert into watches
    (id, userID, streamID)
values
    (null, 44, 1);
insert into watches
    (id, userID, streamID)
values
    (null, 40, 10);
insert into watches
    (id, userID, streamID)
values
    (null, 13, 3);
insert into watches
    (id, userID, streamID)
values
    (null, 17, 9);
insert into watches
    (id, userID, streamID)
values
    (null, 59, 2);
insert into watches
    (id, userID, streamID)
values
    (null, 6, 8);
insert into watches
    (id, userID, streamID)
values
    (null, 16, 7);
insert into watches
    (id, userID, streamID)
values
    (null, 45, 5);
insert into watches
    (id, userID, streamID)
values
    (null, 52, 4);
insert into watches
    (id, userID, streamID)
values
    (null, 14, 10);
insert into watches
    (id, userID, streamID)
values
    (null, 59, 6);
insert into watches
    (id, userID, streamID)
values
    (null, 41, 9);
insert into watches
    (id, userID, streamID)
values
    (null, 15, 2);
insert into watches
    (id, userID, streamID)
values
    (null, 36, 6);
insert into watches
    (id, userID, streamID)
values
    (null, 40, 6);
insert into watches
    (id, userID, streamID)
values
    (null, 21, 9);
insert into watches
    (id, userID, streamID)
values
    (null, 6, 9);
insert into watches
    (id, userID, streamID)
values
    (null, 28, 3);
insert into watches
    (id, userID, streamID)
values
    (null, 2, 1);
insert into watches
    (id, userID, streamID)
values
    (null, 26, 1);
insert into watches
    (id, userID, streamID)
values
    (null, 45, 6);
insert into watches
    (id, userID, streamID)
values
    (null, 11, 10);
insert into watches
    (id, userID, streamID)
values
    (null, 31, 2);
insert into watches
    (id, userID, streamID)
values
    (null, 9, 5);
insert into watches
    (id, userID, streamID)
values
    (null, 9, 5);
insert into watches
    (id, userID, streamID)
values
    (null, 56, 4);
insert into watches
    (id, userID, streamID)
values
    (null, 29, 5);
insert into watches
    (id, userID, streamID)
values
    (null, 12, 5);
insert into watches
    (id, userID, streamID)
values
    (null, 11, 5);
insert into watches
    (id, userID, streamID)
values
    (null, 41, 2);
insert into watches
    (id, userID, streamID)
values
    (null, 18, 10);
insert into watches
    (id, userID, streamID)
values
    (null, 1, 5);
insert into watches
    (id, userID, streamID)
values
    (null, 47, 1);
insert into watches
    (id, userID, streamID)
values
    (null, 2, 10);
insert into watches
    (id, userID, streamID)
values
    (null, 13, 10);
insert into watches
    (id, userID, streamID)
values
    (null, 43, 2);
insert into watches
    (id, userID, streamID)
values
    (null, 3, 6);
insert into watches
    (id, userID, streamID)
values
    (null, 57, 6);
insert into watches
    (id, userID, streamID)
values
    (null, 29, 7);
insert into watches
    (id, userID, streamID)
values
    (null, 10, 1);
insert into watches
    (id, userID, streamID)
values
    (null, 13, 9);
insert into watches
    (id, userID, streamID)
values
    (null, 11, 1);
insert into watches
    (id, userID, streamID)
values
    (null, 15, 2);
insert into watches
    (id, userID, streamID)
values
    (null, 47, 3);
insert into watches
    (id, userID, streamID)
values
    (null, 37, 7);
insert into watches
    (id, userID, streamID)
values
    (null, 2, 6);
insert into watches
    (id, userID, streamID)
values
    (null, 51, 9);
insert into watches
    (id, userID, streamID)
values
    (null, 4, 2);
insert into watches
    (id, userID, streamID)
values
    (null, 55, 4);
insert into watches
    (id, userID, streamID)
values
    (null, 39, 5);
insert into watches
    (id, userID, streamID)
values
    (null, 3, 1);
insert into watches
    (id, userID, streamID)
values
    (null, 28, 1);
insert into watches
    (id, userID, streamID)
values
    (null, 29, 4);
insert into watches
    (id, userID, streamID)
values
    (null, 31, 3);
insert into watches
    (id, userID, streamID)
values
    (null, 22, 5);
insert into watches
    (id, userID, streamID)
values
    (null, 13, 9);
insert into watches
    (id, userID, streamID)
values
    (null, 38, 4);
insert into watches
    (id, userID, streamID)
values
    (null, 43, 8);
insert into watches
    (id, userID, streamID)
values
    (null, 52, 5);
insert into watches
    (id, userID, streamID)
values
    (null, 3, 3);
insert into watches
    (id, userID, streamID)
values
    (null, 35, 3);
insert into watches
    (id, userID, streamID)
values
    (null, 51, 5);


-- Table: tag

INSERT INTO tag
    (tagID, title)
VALUES
    (1, 'stranger');
INSERT INTO tag
    (tagID, title)
VALUES
    (2, 'adventure');
INSERT INTO tag
    (tagID, title)
VALUES
    (3, 'cod');
INSERT INTO tag
    (tagID, title)
VALUES
    (4, 'release');
INSERT INTO tag
    (tagID, title)
VALUES
    (5, 'action');
INSERT INTO tag
    (tagID, title)
VALUES
    (6, 'moba');
INSERT INTO tag
    (tagID, title)
VALUES
    (7, 'skin');
INSERT INTO tag
    (tagID, title)
VALUES
    (8, 'cs');
INSERT INTO tag
    (tagID, title)
VALUES
    (9, 'simulator');
INSERT INTO tag
    (tagID, title)
VALUES
    (10, 'rpg');


-- Table: UserGame

insert into UserGame
    (id, userID, gameID)
values
    (null, 39, 8);
insert into UserGame
    (id, userID, gameID)
values
    (null, 10, 1);
insert into UserGame
    (id, userID, gameID)
values
    (null, 28, 6);
insert into UserGame
    (id, userID, gameID)
values
    (null, 24, 7);
insert into UserGame
    (id, userID, gameID)
values
    (null, 10, 9);
insert into UserGame
    (id, userID, gameID)
values
    (null, 22, 9);
insert into UserGame
    (id, userID, gameID)
values
    (null, 6, 6);
insert into UserGame
    (id, userID, gameID)
values
    (null, 10, 4);
insert into UserGame
    (id, userID, gameID)
values
    (null, 43, 4);
insert into UserGame
    (id, userID, gameID)
values
    (null, 19, 1);
insert into UserGame
    (id, userID, gameID)
values
    (null, 9, 4);
insert into UserGame
    (id, userID, gameID)
values
    (null, 1, 6);
insert into UserGame
    (id, userID, gameID)
values
    (null, 11, 7);
insert into UserGame
    (id, userID, gameID)
values
    (null, 1, 4);
insert into UserGame
    (id, userID, gameID)
values
    (null, 7, 3);
insert into UserGame
    (id, userID, gameID)
values
    (null, 26, 5);
insert into UserGame
    (id, userID, gameID)
values
    (null, 26, 5);
insert into UserGame
    (id, userID, gameID)
values
    (null, 14, 7);
insert into UserGame
    (id, userID, gameID)
values
    (null, 18, 5);
insert into UserGame
    (id, userID, gameID)
values
    (null, 49, 8);
insert into UserGame
    (id, userID, gameID)
values
    (null, 16, 10);
insert into UserGame
    (id, userID, gameID)
values
    (null, 42, 3);
insert into UserGame
    (id, userID, gameID)
values
    (null, 28, 6);
insert into UserGame
    (id, userID, gameID)
values
    (null, 55, 4);
insert into UserGame
    (id, userID, gameID)
values
    (null, 5, 3);
insert into UserGame
    (id, userID, gameID)
values
    (null, 9, 1);
insert into UserGame
    (id, userID, gameID)
values
    (null, 19, 8);
insert into UserGame
    (id, userID, gameID)
values
    (null, 25, 10);
insert into UserGame
    (id, userID, gameID)
values
    (null, 26, 8);
insert into UserGame
    (id, userID, gameID)
values
    (null, 15, 6);
insert into UserGame
    (id, userID, gameID)
values
    (null, 10, 7);
insert into UserGame
    (id, userID, gameID)
values
    (null, 40, 10);
insert into UserGame
    (id, userID, gameID)
values
    (null, 57, 2);
insert into UserGame
    (id, userID, gameID)
values
    (null, 55, 9);
insert into UserGame
    (id, userID, gameID)
values
    (null, 13, 3);
insert into UserGame
    (id, userID, gameID)
values
    (null, 33, 9);
insert into UserGame
    (id, userID, gameID)
values
    (null, 60, 9);
insert into UserGame
    (id, userID, gameID)
values
    (null, 36, 2);
insert into UserGame
    (id, userID, gameID)
values
    (null, 50, 2);
insert into UserGame
    (id, userID, gameID)
values
    (null, 30, 9);
insert into UserGame
    (id, userID, gameID)
values
    (null, 8, 3);
insert into UserGame
    (id, userID, gameID)
values
    (null, 32, 6);
insert into UserGame
    (id, userID, gameID)
values
    (null, 35, 1);
insert into UserGame
    (id, userID, gameID)
values
    (null, 41, 9);
insert into UserGame
    (id, userID, gameID)
values
    (null, 19, 9);
insert into UserGame
    (id, userID, gameID)
values
    (null, 11, 8);
insert into UserGame
    (id, userID, gameID)
values
    (null, 13, 1);
insert into UserGame
    (id, userID, gameID)
values
    (null, 12, 4);
insert into UserGame
    (id, userID, gameID)
values
    (null, 44, 10);
insert into UserGame
    (id, userID, gameID)
values
    (null, 35, 2);
insert into UserGame
    (id, userID, gameID)
values
    (null, 3, 8);
insert into UserGame
    (id, userID, gameID)
values
    (null, 46, 8);
insert into UserGame
    (id, userID, gameID)
values
    (null, 58, 3);
insert into UserGame
    (id, userID, gameID)
values
    (null, 24, 10);
insert into UserGame
    (id, userID, gameID)
values
    (null, 5, 8);
insert into UserGame
    (id, userID, gameID)
values
    (null, 22, 4);
insert into UserGame
    (id, userID, gameID)
values
    (null, 53, 4);
insert into UserGame
    (id, userID, gameID)
values
    (null, 23, 7);
insert into UserGame
    (id, userID, gameID)
values
    (null, 41, 4);
insert into UserGame
    (id, userID, gameID)
values
    (null, 53, 7);
insert into UserGame
    (id, userID, gameID)
values
    (null, 29, 10);
insert into UserGame
    (id, userID, gameID)
values
    (null, 50, 5);
insert into UserGame
    (id, userID, gameID)
values
    (null, 30, 9);
insert into UserGame
    (id, userID, gameID)
values
    (null, 7, 2);
insert into UserGame
    (id, userID, gameID)
values
    (null, 10, 1);
insert into UserGame
    (id, userID, gameID)
values
    (null, 58, 6);
insert into UserGame
    (id, userID, gameID)
values
    (null, 21, 5);
insert into UserGame
    (id, userID, gameID)
values
    (null, 16, 2);
insert into UserGame
    (id, userID, gameID)
values
    (null, 23, 8);
insert into UserGame
    (id, userID, gameID)
values
    (null, 41, 9);
insert into UserGame
    (id, userID, gameID)
values
    (null, 36, 10);
insert into UserGame
    (id, userID, gameID)
values
    (null, 46, 10);
insert into UserGame
    (id, userID, gameID)
values
    (null, 1, 8);
insert into UserGame
    (id, userID, gameID)
values
    (null, 7, 6);
insert into UserGame
    (id, userID, gameID)
values
    (null, 24, 7);
insert into UserGame
    (id, userID, gameID)
values
    (null, 21, 9);
insert into UserGame
    (id, userID, gameID)
values
    (null, 51, 4);
insert into UserGame
    (id, userID, gameID)
values
    (null, 51, 3);
insert into UserGame
    (id, userID, gameID)
values
    (null, 37, 10);
insert into UserGame
    (id, userID, gameID)
values
    (null, 4, 8);
insert into UserGame
    (id, userID, gameID)
values
    (null, 38, 2);
insert into UserGame
    (id, userID, gameID)
values
    (null, 54, 2);
insert into UserGame
    (id, userID, gameID)
values
    (null, 51, 8);
insert into UserGame
    (id, userID, gameID)
values
    (null, 16, 9);
insert into UserGame
    (id, userID, gameID)
values
    (null, 57, 10);
insert into UserGame
    (id, userID, gameID)
values
    (null, 33, 10);
insert into UserGame
    (id, userID, gameID)
values
    (null, 4, 7);
insert into UserGame
    (id, userID, gameID)
values
    (null, 5, 1);
insert into UserGame
    (id, userID, gameID)
values
    (null, 11, 5);
insert into UserGame
    (id, userID, gameID)
values
    (null, 15, 6);
insert into UserGame
    (id, userID, gameID)
values
    (null, 6, 10);
insert into UserGame
    (id, userID, gameID)
values
    (null, 36, 5);
insert into UserGame
    (id, userID, gameID)
values
    (null, 34, 6);
insert into UserGame
    (id, userID, gameID)
values
    (null, 57, 9);
insert into UserGame
    (id, userID, gameID)
values
    (null, 18, 1);
insert into UserGame
    (id, userID, gameID)
values
    (null, 24, 3);
insert into UserGame
    (id, userID, gameID)
values
    (null, 49, 2);
insert into UserGame
    (id, userID, gameID)
values
    (null, 34, 8);
insert into UserGame
    (id, userID, gameID)
values
    (null, 39, 2);
insert into UserGame
    (id, userID, gameID)
values
    (null, 14, 5);
insert into UserGame
    (id, userID, gameID)
values
    (null, 35, 3);
insert into UserGame
    (id, userID, gameID)
values
    (null, 51, 1);
insert into UserGame
    (id, userID, gameID)
values
    (null, 27, 8);
insert into UserGame
    (id, userID, gameID)
values
    (null, 44, 2);
insert into UserGame
    (id, userID, gameID)
values
    (null, 13, 1);
insert into UserGame
    (id, userID, gameID)
values
    (null, 24, 2);
insert into UserGame
    (id, userID, gameID)
values
    (null, 13, 2);
insert into UserGame
    (id, userID, gameID)
values
    (null, 10, 5);
insert into UserGame
    (id, userID, gameID)
values
    (null, 33, 3);
insert into UserGame
    (id, userID, gameID)
values
    (null, 1, 2);
insert into UserGame
    (id, userID, gameID)
values
    (null, 48, 5);
insert into UserGame
    (id, userID, gameID)
values
    (null, 15, 5);
insert into UserGame
    (id, userID, gameID)
values
    (null, 9, 8);
insert into UserGame
    (id, userID, gameID)
values
    (null, 3, 4);
insert into UserGame
    (id, userID, gameID)
values
    (null, 57, 3);
insert into UserGame
    (id, userID, gameID)
values
    (null, 55, 1);
insert into UserGame
    (id, userID, gameID)
values
    (null, 38, 5);
insert into UserGame
    (id, userID, gameID)
values
    (null, 10, 2);
insert into UserGame
    (id, userID, gameID)
values
    (null, 57, 6);
insert into UserGame
    (id, userID, gameID)
values
    (null, 34, 2);
insert into UserGame
    (id, userID, gameID)
values
    (null, 38, 6);
insert into UserGame
    (id, userID, gameID)
values
    (null, 25, 10);
insert into UserGame
    (id, userID, gameID)
values
    (null, 55, 2);
insert into UserGame
    (id, userID, gameID)
values
    (null, 59, 4);
insert into UserGame
    (id, userID, gameID)
values
    (null, 29, 9);
insert into UserGame
    (id, userID, gameID)
values
    (null, 32, 7);
insert into UserGame
    (id, userID, gameID)
values
    (null, 1, 7);
insert into UserGame
    (id, userID, gameID)
values
    (null, 6, 4);
insert into UserGame
    (id, userID, gameID)
values
    (null, 3, 6);
insert into UserGame
    (id, userID, gameID)
values
    (null, 49, 4);
insert into UserGame
    (id, userID, gameID)
values
    (null, 21, 6);
insert into UserGame
    (id, userID, gameID)
values
    (null, 7, 1);
insert into UserGame
    (id, userID, gameID)
values
    (null, 24, 10);
insert into UserGame
    (id, userID, gameID)
values
    (null, 19, 9);
insert into UserGame
    (id, userID, gameID)
values
    (null, 37, 1);
insert into UserGame
    (id, userID, gameID)
values
    (null, 17, 6);
insert into UserGame
    (id, userID, gameID)
values
    (null, 34, 2);
insert into UserGame
    (id, userID, gameID)
values
    (null, 40, 1);
insert into UserGame
    (id, userID, gameID)
values
    (null, 11, 8);
insert into UserGame
    (id, userID, gameID)
values
    (null, 53, 7);
insert into UserGame
    (id, userID, gameID)
values
    (null, 55, 4);
insert into UserGame
    (id, userID, gameID)
values
    (null, 18, 2);
insert into UserGame
    (id, userID, gameID)
values
    (null, 40, 7);
insert into UserGame
    (id, userID, gameID)
values
    (null, 57, 7);
insert into UserGame
    (id, userID, gameID)
values
    (null, 13, 1);
insert into UserGame
    (id, userID, gameID)
values
    (null, 20, 10);
insert into UserGame
    (id, userID, gameID)
values
    (null, 60, 3);
insert into UserGame
    (id, userID, gameID)
values
    (null, 13, 1);
insert into UserGame
    (id, userID, gameID)
values
    (null, 47, 5);
insert into UserGame
    (id, userID, gameID)
values
    (null, 18, 6);
insert into UserGame
    (id, userID, gameID)
values
    (null, 27, 7);
insert into UserGame
    (id, userID, gameID)
values
    (null, 52, 2);
insert into UserGame
    (id, userID, gameID)
values
    (null, 42, 2);
insert into UserGame
    (id, userID, gameID)
values
    (null, 59, 5);
insert into UserGame
    (id, userID, gameID)
values
    (null, 5, 5);
insert into UserGame
    (id, userID, gameID)
values
    (null, 28, 10);
insert into UserGame
    (id, userID, gameID)
values
    (null, 4, 4);
insert into UserGame
    (id, userID, gameID)
values
    (null, 47, 9);
insert into UserGame
    (id, userID, gameID)
values
    (null, 31, 8);
insert into UserGame
    (id, userID, gameID)
values
    (null, 40, 9);
insert into UserGame
    (id, userID, gameID)
values
    (null, 33, 9);
insert into UserGame
    (id, userID, gameID)
values
    (null, 11, 4);
insert into UserGame
    (id, userID, gameID)
values
    (null, 60, 2);
insert into UserGame
    (id, userID, gameID)
values
    (null, 37, 2);
insert into UserGame
    (id, userID, gameID)
values
    (null, 15, 7);
insert into UserGame
    (id, userID, gameID)
values
    (null, 41, 5);
insert into UserGame
    (id, userID, gameID)
values
    (null, 60, 6);
insert into UserGame
    (id, userID, gameID)
values
    (null, 50, 7);
insert into UserGame
    (id, userID, gameID)
values
    (null, 16, 4);
insert into UserGame
    (id, userID, gameID)
values
    (null, 3, 3);
insert into UserGame
    (id, userID, gameID)
values
    (null, 34, 10);
insert into UserGame
    (id, userID, gameID)
values
    (null, 56, 10);
insert into UserGame
    (id, userID, gameID)
values
    (null, 41, 1);
insert into UserGame
    (id, userID, gameID)
values
    (null, 42, 8);
insert into UserGame
    (id, userID, gameID)
values
    (null, 34, 5);
insert into UserGame
    (id, userID, gameID)
values
    (null, 27, 6);
insert into UserGame
    (id, userID, gameID)
values
    (null, 8, 5);
insert into UserGame
    (id, userID, gameID)
values
    (null, 17, 3);
insert into UserGame
    (id, userID, gameID)
values
    (null, 50, 10);
insert into UserGame
    (id, userID, gameID)
values
    (null, 11, 1);
insert into UserGame
    (id, userID, gameID)
values
    (null, 60, 7);
insert into UserGame
    (id, userID, gameID)
values
    (null, 3, 1);
insert into UserGame
    (id, userID, gameID)
values
    (null, 36, 6);
insert into UserGame
    (id, userID, gameID)
values
    (null, 16, 4);
insert into UserGame
    (id, userID, gameID)
values
    (null, 30, 8);
insert into UserGame
    (id, userID, gameID)
values
    (null, 26, 1);
insert into UserGame
    (id, userID, gameID)
values
    (null, 43, 4);
insert into UserGame
    (id, userID, gameID)
values
    (null, 49, 2);
insert into UserGame
    (id, userID, gameID)
values
    (null, 36, 7);
insert into UserGame
    (id, userID, gameID)
values
    (null, 46, 7);
insert into UserGame
    (id, userID, gameID)
values
    (null, 36, 2);
insert into UserGame
    (id, userID, gameID)
values
    (null, 7, 1);
insert into UserGame
    (id, userID, gameID)
values
    (null, 39, 2);
insert into UserGame
    (id, userID, gameID)
values
    (null, 57, 6);
insert into UserGame
    (id, userID, gameID)
values
    (null, 19, 1);
insert into UserGame
    (id, userID, gameID)
values
    (null, 28, 4);
insert into UserGame
    (id, userID, gameID)
values
    (null, 9, 2);
insert into UserGame
    (id, userID, gameID)
values
    (null, 12, 7);
insert into UserGame
    (id, userID, gameID)
values
    (null, 57, 4);
insert into UserGame
    (id, userID, gameID)
values
    (null, 17, 8);


-- Table: viewership

INSERT into viewership
    (viewershipID, gameID, viewerCount)
VALUES
    (NULL, 3, 580);
INSERT into viewership
    (viewershipID, gameID, viewerCount)
VALUES
    (NULL, 7, 3228);
INSERT into viewership
    (viewershipID, gameID, viewerCount)
VALUES
    (NULL, 6, 1023);
INSERT into viewership
    (viewershipID, gameID, viewerCount)
VALUES
    (NULL, 5, 649);
INSERT into viewership
    (viewershipID, gameID, viewerCount)
VALUES
    (NULL, 8, 2750);

-- Table: streamTag

INSERT into streamTag
    (id, tagID, streamID)
VALUES
    (1, 1, 1);
INSERT into streamTag
    (id, tagID, streamID)
VALUES
    (2, 4, 1);
INSERT into streamTag
    (id, tagID, streamID)
VALUES
    (3, 2, 2);
INSERT into streamTag
    (id, tagID, streamID)
VALUES
    (4, 5, 2);
INSERT into streamTag
    (id, tagID, streamID)
VALUES
    (5, 3, 3);
INSERT into streamTag
    (id, tagID, streamID)
VALUES
    (6, 6, 4);
INSERT into streamTag
    (id, tagID, streamID)
VALUES
    (7, 2, 5);
INSERT into streamTag
    (id, tagID, streamID)
VALUES
    (8, 9, 6);
INSERT into streamTag
    (id, tagID, streamID)
VALUES
    (9, 4, 2);
INSERT into streamTag
    (id, tagID, streamID)
VALUES
    (10, 9, 2);

-- Table: genres

INSERT into genres
    (genresID, tagID, streamID, name, viewerCount)
VALUES
    (NULL, 1, 1, 'Horror', 353464);
INSERT into genres
    (genresID, tagID, streamID, name, viewerCount)
VALUES
    (NULL, 2, 1, 'Adventura/Action', 863444);
INSERT into genres
    (genresID, tagID, streamID, name, viewerCount)
VALUES
    (NULL, 5, 1, 'Fighting ', 232015);
INSERT into genres
    (genresID, tagID, streamID, name, viewerCount)
VALUES
    (NULL, 7, 1, 'Shooter', 1123452);
INSERT into genres
    (genresID, tagID, streamID, name, viewerCount)
VALUES
    (NULL, 10, 1, 'RPG', 932555);
INSERT into genres
    (genresID, tagID, streamID, name, viewerCount)
VALUES
    (NULL, 9, 1, 'Simulator', 335621);
INSERT into genres
    (genresID, tagID, streamID, name, viewerCount)
VALUES
    (NULL, 2, 1, 'Wargame', 83665);
INSERT into genres
    (genresID, tagID, streamID, name, viewerCount)
VALUES
    (NULL, 8, 1, 'Racing', 252656);
INSERT into genres
    (genresID, tagID, streamID, name, viewerCount)
VALUES
    (NULL, 4, 1, 'Trivia ', 63525);